备没疙,LON,LAT
辑匡矫没,126.9756,37.56437
碍巢备没,127.0474,37.51729
碍合备没,127.0255,37.63978
碍辑备没,126.849274,37.556009
碍悼备没,127.1235,37.52996
包厩备没,126.9515,37.47813
堡柳备没,127.0821,37.53796
备肺备没,126.8875,37.49546
陛玫备没,126.8954,37.45691
畴盔备没,127.0563,37.65411
档豪备没,127.0471,37.66877
悼措巩备没,127.0397,37.57442
悼累备没,126.9395,37.5124
付器备没,126.9016,37.5662
辑措巩备没,126.9368,37.57917
辑檬备没,127.0327,37.48357
己悼备没,127.037,37.56345
己合备没,127.0167,37.58937
价颇备没,127.1059,37.51446
剧玫备没,126.8664,37.51687
康殿器备没,126.8963,37.52634
侩魂备没,126.99,37.53259
篮乞备没,126.9291,37.6027
辆肺备没,126.9795,37.57317
吝备没,127.0139,37.56021
吝尔备没,127.0926,37.60656
