V1,V2
2010-01-01-0823,10003333
2010-01-01-0823,10007892
2010-01-01-0823,10000005
2010-01-01-0823,10040312
2010-01-01-0823,10001519
2010-01-01-0823,10003364
2010-01-01-0823,10003373
2010-01-01-0823,10003374
2010-01-02-0822,10003333
2010-01-02-0822,10007892
2010-01-02-0822,10000404
2010-01-02-0822,10003333
2010-01-02-0822,10001519
2010-01-02-0822,10003364
2010-01-02-0822,10003373
2010-01-02-0822,10003374
2010-01-03-0822,10002195
2010-01-03-0822,10007892
2010-01-03-0822,10000005
2010-01-03-0823,10002195
2010-01-03-0823,10001519
2010-01-03-0823,10003364
2010-01-03-0823,10003373
2010-01-03-0823,10003374
2010-01-04-0822,10003332
2010-01-04-0822,10001519
2010-01-04-0822,10003364
2010-01-04-0822,10093119
2010-01-04-0822,10003375
2010-01-05-0821,10003332
2010-01-05-0821,10003353
2010-01-05-0821,10003162
2010-01-05-0822,10003332
2010-01-05-0822,10001519
2010-01-05-0822,10003364
2010-01-05-0822,10003373
2010-01-05-0822,10003374
2010-01-06-0822,10003332
2010-01-06-0822,10001519
2010-01-06-0822,10003364
2010-01-06-0822,10093119
2010-01-06-0822,10003375
2010-01-07-0821,10003332
2010-01-07-0821,10004365
2010-01-07-0821,10004366
2010-01-07-0821,10003332
2010-01-07-0821,10001519
2010-01-07-0821,10003364
2010-01-07-0821,10003373
2010-01-07-0821,10003374
2010-01-08-0818,10003332
2010-01-08-0818,10186585
2010-01-08-0818,10003162
2010-01-08-0818,10003332
2010-01-08-0818,10001519
2010-01-08-0818,10003364
2010-01-08-0818,10003373
2010-01-08-0818,10003374
2010-01-09-0818,10186585
2010-01-09-0818,10003344
2010-01-09-0818,10186585
2010-01-09-0818,10003332
2010-01-09-0818,10001519
2010-01-09-0818,10003364
2010-01-09-0818,10003373
2010-01-09-0818,10003374
2010-01-10-0819,10002195
2010-01-10-0819,10001519
2010-01-10-0819,10003364
2010-01-10-0819,10093119
2010-01-10-0819,10003375
2010-01-11-0818,10003332
2010-01-11-0818,10007892
2010-01-11-0818,10003336
2010-01-11-0819,10003332
2010-01-11-0819,10001519
2010-01-11-0819,10003364
2010-01-11-0819,10003373
2010-01-11-0819,10003374
2010-01-12-0821,10003332
2010-01-12-0821,10003353
2010-01-12-0821,10001519
2010-01-12-0821,10003332
2010-01-12-0821,10001519
2010-01-12-0821,10003364
2010-01-12-0821,10093119
2010-01-12-0821,10003375
2010-01-13-0819,10004365
2010-01-13-0819,10004366
2010-01-13-0819,10001519
2010-01-13-0819,10003332
2010-01-13-0819,10001519
2010-01-13-0819,10003364
2010-01-13-0819,10093119
2010-01-13-0819,10003375
2010-01-14-0820,10003332
2010-01-14-0820,10007892
2010-01-14-0820,10004366
2010-01-14-0821,10003332
2010-01-14-0821,10001519
2010-01-14-0821,10003364
2010-01-14-0821,10003373
2010-01-14-0821,10003374
2010-01-15-0817,10003332
2010-01-15-0817,10007892
2010-01-15-0817,10003344
2010-01-15-0818,10003332
2010-01-15-0818,10001519
2010-01-15-0818,10003364
2010-01-15-0818,10093119
2010-01-15-0818,10003375
2010-01-16-0821,10003332
2010-01-16-0821,10007892
2010-01-16-0821,10000005
2010-01-16-0822,10003332
2010-01-16-0822,10001519
2010-01-16-0822,10003364
2010-01-16-0822,10093119
2010-01-16-0822,10003375
2010-01-17-0819,10007892
2010-01-17-0819,10003344
2010-01-17-0819,10007892
2010-01-17-0819,10003332
2010-01-17-0819,10001519
2010-01-17-0819,10003364
2010-01-17-0819,10093119
2010-01-17-0819,10003375
2010-01-18-0818,10003332
2010-01-18-0818,10007892
2010-01-18-0818,10000005
2010-01-18-0819,10003332
2010-01-18-0819,10001519
2010-01-18-0819,10003364
2010-01-18-0819,10093119
2010-01-18-0819,10003375
2010-01-19-0817,10007892
2010-01-19-0817,10000005
2010-01-19-0817,10007892
2010-01-19-0817,10003332
2010-01-19-0817,10001519
2010-01-19-0817,10003364
2010-01-19-0817,10003373
2010-01-19-0817,10003374
2010-01-20-0819,10003332
2010-01-20-0819,10001519
2010-01-20-0819,10003364
2010-01-20-0819,10003373
2010-01-20-0819,10003374
2010-01-21-0816,10186585
2010-01-21-0816,10000012
2010-01-21-0817,10186585
2010-01-21-0817,10003332
2010-01-21-0817,10001519
2010-01-21-0817,10003364
2010-01-21-0817,10093119
2010-01-21-0817,10003375
2010-01-22-0819,10003332
2010-01-22-0819,10001209
2010-01-22-0819,10000012
2010-01-22-0819,10003332
2010-01-22-0819,10001519
2010-01-22-0819,10003364
2010-01-22-0819,10003373
2010-01-22-0819,10003374
2010-01-23-0816,10003332
2010-01-23-0816,10001519
2010-01-23-0816,10003364
2010-01-23-0816,10003373
2010-01-23-0816,10003374
2010-01-24-0819,10003332
2010-01-24-0819,10001519
2010-01-24-0819,10003364
2010-01-24-0819,10003373
2010-01-24-0819,10003374
2010-01-25-0816,10003332
2010-01-25-0816,10001519
2010-01-25-0816,10003364
2010-01-25-0816,10093119
2010-01-25-0816,10003375
2010-01-26-0818,10003332
2010-01-26-0818,10001519
2010-01-26-0818,10003364
2010-01-26-0818,10093119
2010-01-26-0818,10003375
2010-01-27-0820,10004365
2010-01-27-0820,10001209
2010-01-27-0820,10186585
2010-01-27-0820,10003332
2010-01-27-0820,10001519
2010-01-27-0820,10003364
2010-01-27-0820,10003373
2010-01-27-0820,10003374
2010-01-28-0822,10003332
2010-01-28-0822,10001519
2010-01-28-0822,10003364
2010-01-28-0822,10003373
2010-01-28-0822,10003374
2010-01-29-0819,10003332
2010-01-29-0819,10001519
2010-01-29-0819,10003364
2010-01-29-0819,10003373
2010-01-29-0819,10003374
2010-01-30-0819,10003332
2010-01-30-0819,10001519
2010-01-30-0819,10003364
2010-01-30-0819,10093119
2010-01-30-0819,10003375
2010-01-31-0818,10003332
2010-01-31-0818,10001519
2010-01-31-0818,10003364
2010-01-31-0818,10093119
2010-01-31-0818,10003375
2010-02-01-0822,10003333
2010-02-01-0822,10001519
2010-02-01-0822,10003364
2010-02-01-0822,10093119
2010-02-01-0822,10003375
2010-02-02-0819,10003332
2010-02-02-0819,10001519
2010-02-02-0819,10003364
2010-02-02-0819,10003373
2010-02-02-0819,10003374
2010-02-03-0818,10153947
2010-02-03-0818,10001519
2010-02-03-0818,10003364
2010-02-03-0818,10093119
2010-02-03-0818,10003375
2010-02-04-0820,10004365
2010-02-04-0820,10004366
2010-02-04-0820,10004365
2010-02-04-0820,10153947
2010-02-04-0820,10001519
2010-02-04-0820,10003364
2010-02-04-0820,10093119
2010-02-04-0820,10003375
2010-02-05-0820,10004365
2010-02-05-0820,10000005
2010-02-05-0820,10004365
2010-02-05-0820,10003332
2010-02-05-0820,10001519
2010-02-05-0820,10003364
2010-02-05-0820,10093119
2010-02-05-0820,10003375
2010-02-06-0819,10003332
2010-02-06-0819,10001519
2010-02-06-0819,10003364
2010-02-06-0819,10003373
2010-02-06-0819,10003374
2010-02-09-0820,10003332
2010-02-09-0820,10001519
2010-02-09-0820,10003364
2010-02-09-0820,10003373
2010-02-09-0820,10003374
2010-02-10-0821,10004365
2010-02-10-0821,10003162
2010-02-10-0821,10004365
2010-02-10-0821,10040312
2010-02-10-0821,10001519
2010-02-10-0821,10003364
2010-02-10-0821,10003373
2010-02-10-0821,10003374
2010-02-11-0823,10002195
2010-02-11-0823,10001519
2010-02-11-0823,10003364
2010-02-11-0823,10093119
2010-02-11-0823,10003375
2010-02-12-0820,10002195
2010-02-12-0820,10001519
2010-02-12-0820,10003364
2010-02-12-0820,10003373
2010-02-12-0820,10003374
2010-02-13-0819,10003349
2010-02-13-0819,10001519
2010-02-13-0819,10003364
2010-02-13-0819,10003373
2010-02-13-0819,10003374
2010-02-14-0818,10178187
2010-02-14-0818,10001519
2010-02-14-0818,10003364
2010-02-14-0818,10093119
2010-02-14-0818,10003375
2010-02-15-0822,10002195
2010-02-15-0822,10001519
2010-02-15-0822,10003364
2010-02-15-0822,10003373
2010-02-15-0822,10003374
2010-02-16-1316,10004364
2010-02-16-1316,10177250
2010-02-16-1316,10004364
2010-02-16-1316,10003346
2010-02-16-1316,10178187
2010-02-16-1316,10001519
2010-02-16-1316,10003364
2010-02-16-1316,10093119
2010-02-16-1316,10003375
2010-02-17-0822,10003349
2010-02-17-0822,10001519
2010-02-17-0822,10003364
2010-02-17-0822,10093119
2010-02-17-0822,10003375
2010-02-18-0818,10040312
2010-02-18-0818,10001519
2010-02-18-0818,10003364
2010-02-18-0818,10003373
2010-02-18-0818,10003374
2010-02-19-0823,10040312
2010-02-19-0823,10001519
2010-02-19-0823,10003364
2010-02-19-0823,10003373
2010-02-19-0823,10003374
2010-02-20-0821,10003349
2010-02-20-0821,10001519
2010-02-20-0821,10003364
2010-02-20-0821,10093119
2010-02-20-0821,10003375
2010-02-21-0820,10003349
2010-02-21-0821,10001519
2010-02-21-0821,10003162
2010-02-21-0821,10003349
2010-02-21-0821,10001519
2010-02-21-0821,10003364
2010-02-21-0821,10093119
2010-02-21-0821,10003375
2010-02-22-0820,10002195
2010-02-22-0820,10000012
2010-02-22-0820,10003162
2010-02-22-0820,10003333
2010-02-22-0820,10001519
2010-02-22-0820,10003364
2010-02-22-0820,10093119
2010-02-22-0820,10003375
2010-02-23-0819,10003333
2010-02-23-0819,10004365
2010-02-23-0819,10186585
2010-02-23-0819,10003333
2010-02-23-0819,10001519
2010-02-23-0819,10003364
2010-02-23-0819,10003373
2010-02-23-0819,10003374
2010-02-24-0824,10003332
2010-02-24-0824,10001519
2010-02-24-0824,10186585
2010-02-24-0824,10003332
2010-02-24-0824,10001519
2010-02-24-0824,10003364
2010-02-24-0824,10003373
2010-02-24-0824,10003374
2010-02-25-0822,10004365
2010-02-25-0822,10000005
2010-02-25-0822,10004365
2010-02-25-0822,10003332
2010-02-25-0822,10001519
2010-02-25-0822,10003364
2010-02-25-0822,10003373
2010-02-25-0822,10003374
2010-02-26-0824,10001519
2010-02-26-0824,10186585
2010-02-26-0824,10001519
2010-02-26-0824,10003332
2010-02-26-0824,10001519
2010-02-26-0824,10003364
2010-02-26-0824,10003373
2010-02-26-0824,10003374
2010-02-27-0821,10003332
2010-02-27-0821,10001519
2010-02-27-0821,10003364
2010-02-27-0821,10003373
2010-02-27-0822,10003374
2010-02-28-0822,10003332
2010-02-28-0822,10001519
2010-02-28-0822,10003364
2010-02-28-0822,10003373
2010-02-28-0822,10003374
2010-03-01-0819,10001519
2010-03-01-0819,10001476
2010-03-01-0819,10001519
2010-03-01-0819,10002195
2010-03-01-0819,10001519
2010-03-01-0819,10003364
2010-03-01-0819,10093119
2010-03-01-0819,10003375
2010-03-02-0820,10003332
2010-03-02-0820,10001519
2010-03-02-0820,10003364
2010-03-02-0820,10003373
2010-03-02-0820,10003374
2010-03-03-0819,10003332
2010-03-03-0819,10000012
2010-03-03-0819,10186585
2010-03-03-0820,10003332
2010-03-03-0820,10001519
2010-03-03-0820,10003364
2010-03-03-0820,10003373
2010-03-03-0820,10003374
2010-03-04-1320,10001519
2010-03-04-1320,10003344
2010-03-04-1320,10001519
2010-03-04-1321,10003332
2010-03-04-1321,10001519
2010-03-04-1321,10003364
2010-03-04-1321,10093119
2010-03-04-1321,10003375
2010-03-05-0822,10003332
2010-03-05-0822,10001519
2010-03-05-0822,10003364
2010-03-05-0822,10003373
2010-03-05-0822,10003374
2010-03-06-1320,10003332
2010-03-06-1320,10001519
2010-03-06-1320,10003364
2010-03-06-1320,10093119
2010-03-06-1320,10003375
2010-03-07-0821,10186585
2010-03-07-0821,10000005
2010-03-07-0821,10003162
2010-03-07-0821,10003332
2010-03-07-0821,10001519
2010-03-07-0821,10003364
2010-03-07-0821,10003373
2010-03-07-0821,10003374
2010-03-09-0822,10168051
2010-03-09-0822,10001519
2010-03-09-0822,10003364
2010-03-09-0822,10093119
2010-03-09-0822,10003375
2010-03-10-1319,10003332
2010-03-10-1319,10001519
2010-03-10-1319,10003364
2010-03-10-1319,10003373
2010-03-10-1319,10003374
2010-03-11-0826,10003332
2010-03-11-0826,10001519
2010-03-11-0826,10003364
2010-03-11-0826,10093119
2010-03-11-0826,10003375
2010-03-12-1319,10004364
2010-03-12-1319,10003336
2010-03-12-1319,10004364
2010-03-12-1319,10003332
2010-03-12-1319,10001519
2010-03-12-1319,10003364
2010-03-12-1319,10093119
2010-03-12-1319,10003375
2010-03-13-1319,10003332
2010-03-13-1319,10001519
2010-03-13-1319,10003364
2010-03-13-1319,10003373
2010-03-13-1319,10003374
2010-03-14-1320,10003332
2010-03-14-1320,10001519
2010-03-14-1320,10003364
2010-03-14-1320,10003373
2010-03-14-1320,10003374
2010-03-09-0822,10168051
2010-03-09-0822,10001519
2010-03-09-0822,10003364
2010-03-09-0822,10093119
2010-03-09-0822,10003375
2010-03-10-1319,10003332
2010-03-10-1319,10001519
2010-03-10-1319,10003364
2010-03-10-1319,10003373
2010-03-10-1319,10003374
2010-03-11-0826,10003332
2010-03-11-0826,10001519
2010-03-11-0826,10003364
2010-03-11-0826,10093119
2010-03-11-0826,10003375
2010-03-12-1319,10004364
2010-03-12-1319,10003336
2010-03-12-1319,10004364
2010-03-12-1319,10003332
2010-03-12-1319,10001519
2010-03-12-1319,10003364
2010-03-12-1319,10093119
2010-03-12-1319,10003375
2010-03-13-1319,10003332
2010-03-13-1319,10001519
2010-03-13-1319,10003364
2010-03-13-1319,10003373
2010-03-13-1319,10003374
2010-03-14-1320,10003332
2010-03-14-1320,10001519
2010-03-14-1320,10003364
2010-03-14-1320,10003373
2010-03-14-1320,10003374
2010-03-15-1320,10003332
2010-03-15-1320,10001519
2010-03-15-1320,10003364
2010-03-15-1320,10093119
2010-03-15-1320,10003375
2010-03-16-1315,10003332
2010-03-16-1315,10001519
2010-03-16-1315,10003364
2010-03-16-1315,10003373
2010-03-16-1315,10003374
2010-03-17-0820,10003332
2010-03-17-0820,10001519
2010-03-17-0820,10003364
2010-03-17-0820,10003373
2010-03-17-0820,10003374
2010-03-18-0818,10003375
2010-03-18-0818,10093119
2010-03-18-0818,10003364
2010-03-18-0818,10001519
2010-03-18-0818,10003332
2010-03-19-0818,10003332
2010-03-19-0818,10001519
2010-03-19-0818,10003364
2010-03-20-0815,10003332
2010-03-20-0815,10001519
2010-03-20-0816,10003364
2010-03-20-0816,10093119
2010-03-20-0816,10003375
2010-03-21-0817,10003332
2010-03-21-0817,10001519
2010-03-21-0817,10003364
2010-03-21-0817,10003373
2010-03-21-0817,10003374
2010-03-22-0814,10003332
2010-03-22-0814,10001519
2010-03-22-0814,10003364
2010-03-22-0814,10093119
2010-03-22-0814,10003375
2010-03-23-0818,10003332
2010-03-23-0819,10001519
2010-03-23-0819,10003364
2010-03-23-0819,10003373
2010-03-23-0819,10003374
2010-03-24-0818,10003332
2010-03-24-0818,10001519
2010-03-24-0818,10003364
2010-03-24-0818,10093119
2010-03-24-0818,10003375
2010-03-25-0830,10003332
2010-03-25-0830,10001519
2010-03-25-0830,10003364
2010-03-25-0830,10093119
2010-03-25-0830,10003375
2010-03-26-0830,10003332
2010-03-26-0830,10001519
2010-03-26-0830,10003364
2010-03-26-0830,10093119
2010-03-26-0830,10003375
2010-03-27-0831,10003332
2010-03-27-0831,10001519
2010-03-27-0831,10003364
2010-03-27-0832,10093119
2010-03-27-0832,10003375
2010-03-28-0831,10003332
2010-03-28-0831,10171892
2010-03-28-0831,10000005
2010-03-28-0831,10003332
2010-03-28-0831,10001519
2010-03-28-0831,10003364
2010-03-28-0831,10003373
2010-03-28-0831,10003374
2010-03-29-0830,10003332
2010-03-29-0830,10001519
2010-03-29-0830,10003364
2010-03-29-0830,10003373
2010-03-29-0830,10003374
2010-03-30-0827,10004365
2010-03-30-0827,10000005
2010-03-30-0827,10004365
2010-03-30-0828,10003332
2010-03-30-0828,10001519
2010-03-30-0828,10003364
2010-03-30-0828,10093119
2010-03-30-0828,10003375
2010-03-31-0826,10198388
2010-03-31-0826,10003162
2010-03-31-0826,10198388
2010-03-31-0826,10003332
2010-03-31-0826,10001519
2010-03-31-0826,10003364
2010-03-31-0826,10093119
2010-03-31-0826,10003375
2010-04-01-0827,10001519
2010-04-01-0827,10003162
2010-04-01-0827,10001519
2010-04-01-0827,10001476
2010-04-01-0827,10001519
2010-04-01-0827,10003364
2010-04-01-0827,10093119
2010-04-01-0827,10003375
2010-04-02-0828,10004365
2010-04-02-0828,10000005
2010-04-02-0828,10004365
2010-04-02-0829,10001476
2010-04-02-0829,10001519
2010-04-02-0829,10003364
2010-04-02-0829,10093119
2010-04-02-0829,10003375
2010-04-03-0828,10001519
2010-04-03-0828,10186585
2010-04-03-0828,10001519
2010-04-03-0828,10006852
2010-04-03-0828,10001519
2010-04-03-0828,10003364
2010-04-03-0828,10003373
2010-04-03-0828,10003374
2010-04-06-0828,10168051
2010-04-06-0828,10001519
2010-04-06-0828,10003364
2010-04-06-0828,10003373
2010-04-06-0828,10003374
2010-04-07-0827,10004365
2010-04-07-0827,10000012
2010-04-07-0827,10004365
2010-04-07-0827,10040312
2010-04-07-0827,10001519
2010-04-07-0827,10003364
2010-04-07-0827,10003373
2010-04-07-0827,10003374
2010-04-08-0827,10040312
2010-04-08-0827,10001519
2010-04-08-0827,10003364
2010-04-08-0827,10093119
2010-04-08-0827,10003375
2010-04-09-0828,10004365
2010-04-09-0828,10004368
2010-04-09-0828,10004365
2010-04-09-0829,10168051
2010-04-09-0829,10001519
2010-04-09-0829,10003364
2010-04-09-0829,10003373
2010-04-09-0829,10003374
2010-04-10-0828,10040312
2010-04-10-0829,10001519
2010-04-10-0829,10003364
2010-04-10-0829,10003373
2010-04-10-0829,10003375
2010-04-11-0828,10198388
2010-04-11-0828,10000005
2010-04-11-0828,10198388
2010-04-11-0829,10002195
2010-04-11-0829,10001519
2010-04-11-0829,10003364
2010-04-11-0829,10093119
2010-04-11-0829,10003375
2010-04-12-0828,10004365
2010-04-12-0828,10000012
2010-04-12-0828,10004365
2010-04-12-0829,10002195
2010-04-12-0829,10001519
2010-04-12-0829,10003364
2010-04-12-0829,10003373
2010-04-12-0829,10003375
2010-04-13-0827,10004365
2010-04-13-0827,10200596
2010-04-13-0827,10004365
2010-04-13-0827,10003333
2010-04-13-0828,10001519
2010-04-13-0828,10003364
2010-04-13-0828,10093119
2010-04-13-0828,10200597
2010-04-14-0826,10004365
2010-04-14-0826,10200596
2010-04-14-0826,10004365
2010-04-14-0827,10040312
2010-04-14-0827,10001519
2010-04-14-0827,10003364
2010-04-14-0827,10003373
2010-04-14-0827,10003375
2010-04-15-0828,10004365
2010-04-15-0828,10003351
2010-04-15-0828,10004365
2010-04-15-0828,10040312
2010-04-15-0828,10001519
2010-04-15-0828,10003364
2010-04-15-0828,10093119
2010-04-15-0828,10200597
2010-04-16-0827,10001519
2010-04-16-0827,10200596
2010-04-16-0827,10001519
2010-04-16-0827,10040312
2010-04-16-0827,10001519
2010-04-16-0827,10003364
2010-04-16-0827,10093119
2010-04-16-0827,10200597
2010-04-17-0826,10000012
2010-04-17-0826,10186585
2010-04-17-0826,10004366
2010-04-17-0827,10168051
2010-04-17-0827,10001519
2010-04-17-0827,10003364
2010-04-17-0827,10093119
2010-04-17-0827,10200597
2010-04-18-0825,10040312
2010-04-18-0825,10001519
2010-04-18-0825,10003364
2010-04-18-0825,10003373
2010-04-18-0825,10003375
2010-04-19-0825,10004365
2010-04-19-0825,10186585
2010-04-19-0825,10004365
2010-04-19-0825,10040312
2010-04-19-0825,10001519
2010-04-19-0825,10003364
2010-04-19-0825,10093119
2010-04-19-0825,10200597
2010-04-20-0825,10004365
2010-04-20-0825,10004366
2010-04-20-0825,10004365
2010-04-20-0826,10002195
2010-04-20-0826,10001519
2010-04-20-0826,10003364
2010-04-20-0826,10003373
2010-04-20-0826,10003375
2010-04-21-0825,10004365
2010-04-21-0825,10002195
2010-04-21-0825,10004365
2010-04-21-0826,10040312
2010-04-21-0826,10001519
2010-04-21-0826,10003364
2010-04-21-0826,10093119
2010-04-21-0826,10200597
2010-04-22-0825,10004365
2010-04-22-0825,10186585
2010-04-22-0825,10004365
2010-04-22-0826,10168051
2010-04-22-0826,10001519
2010-04-22-0826,10003364
2010-04-22-0826,10003373
2010-04-22-0826,10003375
2010-04-23-0829,10004365
2010-04-23-0829,10186585
2010-04-23-0829,10004365
2010-04-23-0829,10002195
2010-04-23-0829,10001519
2010-04-23-0829,10003364
2010-04-23-0829,10003373
2010-04-23-0829,10003375
2010-04-24-0831,10000012
2010-04-24-0831,10002195
2010-04-24-0831,10000012
2010-04-24-0831,10040312
2010-04-24-0831,10001519
2010-04-24-0831,10003364
2010-04-24-0831,10003373
2010-04-24-0831,10003375
2010-04-25-0832,10040312
2010-04-25-0832,10001519
2010-04-25-0832,10003364
2010-04-25-0832,10093119
2010-04-25-0832,10200597
2010-04-26-0826,10040312
2010-04-26-0826,10001519
2010-04-26-0826,10003364
2010-04-26-0826,10003373
2010-04-26-0826,10003375
2010-04-27-0826,10004365
2010-04-27-0826,10003344
2010-04-27-0826,10004365
2010-04-27-0826,10002195
2010-04-27-0826,10001519
2010-04-27-0826,10003364
2010-04-27-0826,10003373
2010-04-27-0826,10003375
2010-04-28-0826,10040312
2010-04-28-0826,10001519
2010-04-28-0826,10003364
2010-04-28-0826,10093119
2010-04-28-0826,10200597
2010-04-29-0828,10004365
2010-04-29-0828,10002195
2010-04-29-0828,10004365
2010-04-29-0828,10168051
2010-04-29-0828,10001519
2010-04-29-0828,10003364
2010-04-29-0828,10093119
2010-04-29-0828,10200597
2010-04-30-0829,10202734
2010-04-30-0829,10004366
2010-04-30-0829,10000012
2010-04-30-0830,10040312
2010-04-30-0830,10001519
2010-04-30-0830,10003364
2010-04-30-0830,10093119
2010-04-30-0830,10200597
2010-05-01-0828,10168051
2010-05-01-0828,10001519
2010-05-01-0828,10003364
2010-05-01-0828,10093119
2010-05-01-0828,10202857
2010-05-02-0829,10075031
2010-05-02-0829,10003356
2010-05-02-0829,10075031
2010-05-02-0829,10178187
2010-05-02-0829,10001519
2010-05-02-0829,10003364
2010-05-02-0829,10003373
2010-05-02-0829,10200597
2010-05-03-0827,10004365
2010-05-03-0827,10000005
2010-05-03-0827,10004365
2010-05-03-0828,10040312
2010-05-03-0828,10001519
2010-05-03-0828,10003364
2010-05-03-0828,10093119
2010-05-03-0828,10202857
2010-05-04-0829,10040312
2010-05-04-0829,10001519
2010-05-04-0829,10003364
2010-05-04-0829,10003373
2010-05-04-0829,10200597
2010-05-05-0828,10004365
2010-05-05-0828,10001519
2010-05-05-0828,10004365
2010-05-05-0828,10040312
2010-05-05-0828,10001519
2010-05-05-0828,10003364
2010-05-05-0828,10003373
2010-05-05-0828,10200597
2010-05-06-0825,10002195
2010-05-06-0825,10001519
2010-05-06-0825,10003364
2010-05-06-0825,10003373
2010-05-06-0825,10200597
2010-05-07-0828,10040312
2010-05-07-0828,10001519
2010-05-07-0828,10003364
2010-05-07-0828,10093119
2010-05-07-0828,10202857
2010-05-08-0826,10178187
2010-05-08-0826,10001519
2010-05-08-0826,10003364
2010-05-08-0826,10003373
2010-05-08-0826,10200597
2010-05-09-0826,10156594
2010-05-09-0826,10152219
2010-05-09-0826,10156594
2010-05-09-0827,10002195
2010-05-09-0827,10001519
2010-05-09-0827,10003364
2010-05-09-0827,10003373
2010-05-09-0827,10200597
2010-05-18-0829,10003346
2010-05-18-0829,10003334
2010-05-18-0829,10003346
2010-05-18-0830,10004369
2010-05-18-0830,10001519
2010-05-18-0830,10003364
2010-05-18-0830,10003373
2010-05-18-0830,10200597
2010-05-19-0831,10003346
2010-05-19-0831,10000012
2010-05-19-0831,10003346
2010-05-19-0831,10168051
2010-05-19-0831,10001519
2010-05-19-0831,10003364
2010-05-19-0831,10093119
2010-05-19-0831,10202857
2010-05-20-0830,10004365
2010-05-20-0830,10000005
2010-05-20-0830,10004365
2010-05-21-0832,10178187
2010-05-21-0832,10001519
2010-05-21-0832,10003364
2010-05-21-0832,10093119
2010-05-21-0832,10202857
2010-05-22-0830,10001209
2010-05-22-0830,10003344
2010-05-22-0830,10001209
2010-05-22-0830,10002195
2010-05-22-0830,10001519
2010-05-22-0830,10003364
2010-05-22-0830,10003373
2010-05-22-0830,10200597
2010-05-24-0831,10004365
2010-05-24-0831,10003344
2010-05-24-0831,10004365
2010-05-24-0831,10168051
2010-05-24-0831,10001519
2010-05-24-0831,10003364
2010-05-24-0831,10093119
2010-05-24-0831,10202857
2010-05-25-0831,10002195
2010-05-25-0831,10001519
2010-05-25-0831,10003364
2010-05-25-0831,10003373
2010-05-25-0831,10200597
2010-05-26-0830,10002195
2010-05-26-0830,10001519
2010-05-26-0830,10003364
2010-05-26-0830,10093119
2010-05-26-0830,10202857
2010-05-27-0830,10001519
2010-05-27-0830,10000012
2010-05-27-0830,10177250
2010-05-27-0830,10002195
2010-05-27-0830,10001519
2010-05-27-0830,10003364
2010-05-27-0830,10003373
2010-05-27-0830,10200597
2010-05-28-0831,10002195
2010-05-28-0831,10001519
2010-05-28-0831,10003364
2010-05-28-0831,10003373
2010-05-28-0831,10200597
2010-05-29-0830,10178187
2010-05-29-0830,10001519
2010-05-29-0830,10003364
2010-05-29-0830,10003373
2010-05-29-0830,10200597
2010-05-30-0830,10206087
2010-05-30-0830,10000012
2010-05-30-0830,10206087
2010-05-30-0830,10002195
2010-05-30-0830,10001519
2010-05-30-0830,10003364
2010-05-30-0830,10093119
2010-05-30-0830,10202857
2010-05-31-0830,10205429
2010-05-31-0830,10049899
2010-05-31-0830,10205429
2010-05-31-0831,10002195
2010-05-31-0831,10001519
2010-05-31-0831,10003364
2010-05-31-0831,10003373
2010-05-31-0831,10200597
2010-06-01-0831,10002195
2010-06-01-0831,10001519
2010-06-01-0831,10003364
2010-06-01-0831,10003373
2010-06-01-0831,10200597
2010-06-02-0829,10178187
2010-06-02-0829,10001519
2010-06-02-0829,10003364
2010-06-02-0829,10093119
2010-06-02-0829,10202857
2010-06-03-0831,10001519
2010-06-03-0831,10000012
2010-06-03-0831,10004365
2010-06-03-0831,10168051
2010-06-03-0831,10001519
2010-06-03-0831,10003364
2010-06-03-0831,10003373
2010-06-03-0831,10200597
2010-06-04-0827,10001519
2010-06-04-0827,10003344
2010-06-04-0827,10004365
2010-06-04-0827,10002195
2010-06-04-0827,10001519
2010-06-04-0827,10003364
2010-06-04-0827,10093119
2010-06-04-0827,10202857
2010-06-05-0827,10168051
2010-06-05-0827,10156594
2010-06-05-0827,10004366
2010-06-05-0827,10100907
2010-06-05-0827,10001519
2010-06-05-0827,10003364
2010-06-05-0827,10093119
2010-06-05-0827,10202857
2010-06-06-0827,10001519
2010-06-06-0827,10003334
2010-06-06-0827,10003344
2010-06-06-0827,10002195
2010-06-06-0827,10001519
2010-06-06-0827,10003364
2010-06-06-0827,10003373
2010-06-06-0827,10200597
2010-06-08-0824,10050494
2010-06-08-0824,10001519
2010-06-08-0824,10003364
2010-06-08-0824,10003373
2010-06-08-0824,10200597
2010-06-09-0827,10002195
2010-06-09-0827,10001519
2010-06-09-0827,10003364
2010-06-09-0827,10093119
2010-06-09-0827,10202857
2010-06-10-0826,10202734
2010-06-10-0826,10186585
2010-06-10-0826,10004365
2010-06-10-0826,10002195
2010-06-10-0826,10001519
2010-06-10-0826,10003364
2010-06-10-0826,10003373
2010-06-10-0826,10200597
2010-06-11-0827,10004365
2010-06-11-0827,10186585
2010-06-11-0827,10004365
2010-06-11-0827,10178187
2010-06-11-0827,10001519
2010-06-11-0827,10003364
2010-06-11-0827,10093119
2010-06-11-0827,10202857
2010-06-12-0826,10003339
2010-06-12-0826,10003344
2010-06-12-0826,10003339
2010-06-12-0827,10001519
2010-06-12-0827,10001519
2010-06-12-0827,10003364
2010-06-12-0827,10093119
2010-06-12-0827,10202857
2010-06-13-0826,10178187
2010-06-13-0826,10001519
2010-06-13-0826,10003364
2010-06-13-0826,10003373
2010-06-13-0826,10200597
2010-06-14-0825,10050494
2010-06-14-0825,10001519
2010-06-14-0825,10003364
2010-06-14-0825,10093119
2010-06-14-0825,10202857
2010-06-15-0830,10050494
2010-06-15-0830,10001519
2010-06-15-0830,10003364
2010-06-15-0830,10093119
2010-06-15-0830,10202857
2010-06-16-0827,10004365
2010-06-16-0827,10003334
2010-06-16-0827,10004365
2010-06-16-0827,10178187
2010-06-16-0827,10001519
2010-06-16-0827,10003364
2010-06-16-0827,10003373
2010-06-16-0827,10200597
2010-06-17-0855,10002195
2010-06-17-0855,10001519
2010-06-17-0855,10003364
2010-06-17-0855,10003373
2010-06-17-0855,10200597
2010-06-18-0829,10200597
2010-06-18-0829,10003373
2010-06-18-0829,10003364
2010-06-18-0829,10001519
2010-06-18-0829,10002195
2010-06-18-0829,10000012
2010-06-18-0829,10003344
2010-06-18-0829,10001519
2010-06-19-0830,10202857
2010-06-19-0830,10093119
2010-06-19-0830,10003364
2010-06-19-0830,10001519
2010-06-19-0830,10002195
2010-06-20-0827,10200597
2010-06-20-0827,10003373
2010-06-20-0827,10003364
2010-06-20-0827,10001519
2010-06-20-0827,10002195
2010-06-21-0827,10202857
2010-06-21-0827,10093119
2010-06-21-0827,10003364
2010-06-21-0827,10001519
2010-06-21-0827,10002195
2010-06-22-0828,10200597
2010-06-22-0828,10003373
2010-06-22-0828,10003364
2010-06-22-0828,10001519
2010-06-22-0828,10168051
2010-06-23-0830,10202857
2010-06-23-0830,10093119
2010-06-23-0830,10003364
2010-06-23-0830,10001519
2010-06-23-0830,10002195
2010-06-24-0830,10200597
2010-06-24-0830,10003373
2010-06-24-0830,10003364
2010-06-24-0830,10001519
2010-06-24-0830,10168051
2010-06-25-0828,10202857
2010-06-25-0828,10093119
2010-06-25-0828,10003364
2010-06-25-0828,10001519
2010-06-25-0828,10168051
2010-06-26-0829,10200597
2010-06-26-0829,10003373
2010-06-26-0829,10003364
2010-06-26-0829,10001519
2010-06-26-0829,10003349
2010-06-27-0827,10202857
2010-06-27-0827,10093119
2010-06-27-0827,10003364
2010-06-27-0827,10001519
2010-06-27-0827,10003349
2010-06-28-0826,10202857
2010-06-28-0826,10093119
2010-06-28-0826,10003364
2010-06-28-0826,10001519
2010-06-28-0826,10003349
2010-06-29-0828,10202857
2010-06-29-0828,10093119
2010-06-29-0828,10003364
2010-06-29-0828,10001519
2010-06-29-0828,10003349
2010-06-30-0828,10200597
2010-06-30-0828,10003373
2010-06-30-0828,10003364
2010-06-30-0828,10001519
2010-06-30-0828,10003349
2010-06-30-0828,10004365
2010-06-30-0828,10003334
2010-06-30-0828,10001519
2010-07-01-0824,10202857
2010-07-01-0824,10093119
2010-07-01-0824,10003364
2010-07-01-0824,10001519
2010-07-01-0824,10003349
2010-07-02-0827,10200597
2010-07-02-0827,10003373
2010-07-02-0827,10003364
2010-07-02-0827,10001519
2010-07-02-0827,10003349
2010-07-02-0826,10004368
2010-07-02-0826,10004365
2010-07-02-0826,10003349
2010-07-03-0825,10200597
2010-07-03-0825,10003373
2010-07-03-0825,10003364
2010-07-03-0825,10001519
2010-07-03-0825,10003349
2010-07-04-0822,10202857
2010-07-04-0822,10093119
2010-07-04-0822,10003364
2010-07-04-0822,10001519
2010-07-04-0822,10003349
2010-07-05-0825,10200597
2010-07-05-0825,10003373
2010-07-05-0825,10003364
2010-07-05-0825,10001519
2010-07-05-0825,10003349
2010-07-06-0823,10202857
2010-07-06-0823,10093119
2010-07-06-0823,10003364
2010-07-06-0823,10001519
2010-07-06-0823,10003349
2010-07-07-0826,10200597
2010-07-07-0826,10003373
2010-07-07-0826,10003364
2010-07-07-0826,10001519
2010-07-07-0826,10003349
2010-07-08-0825,10200597
2010-07-08-0825,10003373
2010-07-08-0825,10003364
2010-07-08-0825,10001519
2010-07-08-0825,10003349
2010-07-14-1325,10004364
2010-07-14-1325,10206723
2010-07-14-1325,10004364
2010-07-14-1325,10003349
2010-07-14-1325,10001519
2010-07-14-1325,10003364
2010-07-14-1325,10213006
2010-07-14-1325,10202857
2010-07-15-0825,10202857
2010-07-15-0825,10213006
2010-07-15-0825,10003364
2010-07-15-0825,10001519
2010-07-15-0825,10003349
2010-07-16-0822,10202857
2010-07-16-0822,10213006
2010-07-16-0822,10003364
2010-07-16-0822,10001519
2010-07-16-0822,10003349
2010-07-16-0821,10004365
2010-07-16-0821,10003356
2010-07-16-0821,10004365
2010-07-17-0823,10202857
2010-07-17-0823,10213006
2010-07-17-0823,10003364
2010-07-17-0823,10001519
2010-07-17-0823,10003349
2010-07-17-0823,10001519
2010-07-17-0823,10001476
2010-07-17-0823,10001519
2010-07-18-0825,10200597
2010-07-18-0825,10093119
2010-07-18-0825,10003364
2010-07-18-0825,10001519
2010-07-18-0825,10003349
2010-07-18-0825,10001519
2010-07-18-0825,10003339
2010-07-18-0825,10001519
2010-07-19-0823,10200597
2010-07-19-0823,10093119
2010-07-19-0823,10003364
2010-07-19-0823,10001519
2010-07-19-0823,10003349
2010-07-26-2234,10003349
2010-07-26-2234,10001519
2010-07-26-2234,10003364
2010-07-26-2234,10213006
2010-07-26-2234,10202857
2010-07-27-2206,10001519
2010-07-27-2206,10003344
2010-07-27-2206,10001519
2010-07-27-2207,10003349
2010-07-27-2207,10001519
2010-07-27-2207,10003364
2010-07-27-2207,10213006
2010-07-27-2207,10202857
2010-07-28-1622,10003349
2010-07-28-1622,10001519
2010-07-28-1622,10003364
2010-07-28-1622,10093119
2010-07-28-1622,10200597
2010-08-02-1627,10202857
2010-08-02-1627,10213006
2010-08-02-1627,10003364
2010-08-02-1627,10001519
2010-08-02-1627,10003349
2010-08-02-1626,10177250
2010-08-02-1626,10000012
2010-08-02-1626,10177250
2011-07-14-1013,10242344
2011-07-14-1013,10178187
2011-07-14-1013,10169628
2011-07-14-1013,10300076
2011-07-16-1351,10001476
2011-07-16-1016,10233613
2011-07-16-1016,10178187
2011-07-16-1016,10300076
2011-07-16-1016,10301049
2011-07-16-1017,10242344
2011-07-18-1116,10233613
2011-07-18-1116,10000085
2011-07-18-1116,10300076
2011-07-18-1116,10169628
2011-07-18-1755,10297749
2011-07-18-1755,10001476
2011-07-20-1117,10242344
2011-07-20-1117,10254499
2011-07-20-1117,10300076
2011-07-20-1117,10188122
2011-07-22-1330,10242344
2011-07-22-1330,10000085
2011-07-22-1330,10300076
2011-07-22-1330,10169628
2011-07-24-1248,10242344
2011-07-24-1248,10000085
2011-07-24-1248,10300076
2011-07-24-1248,10049781
2011-07-26-1118,10242344
2011-07-26-1118,10254499
2011-07-26-1118,10300076
2011-07-26-1118,10049781
2011-07-28-1456,10242344
2011-07-28-1456,10254499
2011-07-28-1456,10300076
2011-07-28-1456,10301049
2011-08-03-1715,10188122
2011-08-03-1715,10300076
2011-08-03-1715,10309102
2011-08-03-1715,10242344
2011-08-05-1103,10242344
2011-08-05-1103,10309102
2011-08-05-1103,10300076
2011-08-05-1103,10049781
2011-08-05-1815,10306115
2011-08-07-1625,10188122
2011-08-07-1625,10300076
2011-08-07-1625,10309102
2011-08-07-1625,10242344
2011-08-09-0851,10001476
2011-08-09-0851,10000005
2011-08-09-0851,10300076
2011-08-09-0851,10188122
2011-08-09-1723,10242344
2011-08-11-2350,10014911
2011-08-11-0849,10003349
2011-08-11-0849,10004364
2011-08-11-0849,10300076
2011-08-11-1332,10024494
2011-08-11-1332,10242344
2011-08-13-0857,10003349
2011-08-13-0857,10004364
2011-08-13-0857,10300076
2011-08-13-0857,10049781
2011-08-13-1827,10242344
2011-08-15-0855,10003349
2011-08-15-0855,10004364
2011-08-15-0855,10300076
2011-08-15-0855,10014911
2011-08-15-1133,10242344
2011-08-17-0858,10003349
2011-08-17-0858,10004364
2011-08-17-0858,10300076
2011-08-17-0858,10049781
2011-09-16-1030,10004369
2011-09-16-1030,10001519
2011-09-16-1030,10004369
