id, tenure, age, marital, address, income, ed, employ, gender, reside, longmon, tollmon, wiremon, longten, tollten, wireten, ebill, churn
1, 13, 44, 1, 9, 64, 4, 5, 0, 2, 3.7, 0, 0, 37.45, 0, 0, 0, 1
2, 11, 33, 1, 7, 136, 5, 5, 0, 6, 4.4, 20.75, 35.7, 42, 211.45, 380.35, 0, 1
3, 68, 52, 1, 24, 116, 1, 29, 1, 2, 18.15, 18, 0, 1300.6, 1247.2, 0, 0, 0
4, 33, 33, 0, 12, 33, 2, 0, 1, 1, 9.45, 0, 0, 288.8, 0, 0, 0, 1
5, 23, 30, 1, 9, 30, 1, 2, 0, 4, 6.3, 0, 0, 157.05, 0, 0, 0, 0
6, 41, 39, 0, 17, 78, 2, 16, 1, 1, 11.8, 19.25, 0, 487.4, 798.4, 0, 0, 0
7, 45, 22, 1, 2, 19, 2, 4, 1, 5, 10.9, 0, 0, 504.5, 0, 0, 1, 1
8, 38, 35, 0, 5, 76, 2, 10, 0, 3, 6.05, 45, 64.9, 239.55, 1873.05, 2256.7, 1, 0
9, 45, 59, 1, 7, 166, 4, 31, 0, 5, 9.75, 28.5, 0, 449.05, 1240.15, 0, 0, 0
10, 68, 41, 1, 21, 72, 1, 22, 0, 3, 24.15, 0, 0, 1659.7, 0, 0, 0, 0
11, 5, 33, 0, 10, 125, 4, 5, 1, 1, 4.85, 0, 0, 17.25, 0, 0, 1, 1
12, 7, 35, 0, 14, 80, 2, 15, 1, 1, 7.1, 22, 0, 47.45, 166.1, 0, 0, 0
13, 41, 38, 1, 8, 37, 2, 9, 1, 3, 8.55, 0, 0, 308.7, 0, 0, 0, 0
14, 57, 54, 1, 30, 115, 4, 23, 1, 3, 15.6, 46.25, 61.05, 825.35, 2624.25, 3348.85, 1, 1
15, 9, 46, 0, 3, 25, 1, 8, 1, 2, 4.4, 0, 0, 36.8, 0, 0, 0, 0
16, 29, 38, 1, 12, 75, 5, 1, 0, 4, 5.1, 0, 0, 146.25, 0, 0, 0, 0
17, 60, 57, 0, 38, 162, 2, 30, 0, 1, 16.15, 29.75, 0, 946.9, 1767.6, 0, 0, 0
18, 34, 48, 0, 3, 49, 2, 6, 1, 3, 6.65, 18.5, 0, 230.8, 614.3, 0, 0, 0
19, 1, 24, 0, 3, 20, 1, 3, 0, 1, 1.05, 0, 0, 1.05, 0, 0, 0, 0
20, 26, 29, 1, 3, 77, 4, 2, 0, 4, 6.7, 0, 38.3, 140.95, 0, 910.1, 1, 1
21, 6, 30, 0, 7, 16, 3, 1, 1, 1, 3.75, 0, 18.7, 25.65, 0, 78.2, 0, 1
22, 68, 52, 1, 17, 120, 1, 24, 0, 2, 20.7, 0, 0, 1391.05, 0, 0, 0, 0
23, 53, 33, 0, 10, 101, 5, 4, 1, 2, 5.3, 0, 51.4, 253.35, 0, 2645.15, 1, 0
24, 55, 48, 1, 19, 67, 1, 25, 0, 3, 15.05, 0, 0, 810.45, 0, 0, 0, 0
25, 14, 43, 1, 18, 36, 1, 5, 0, 5, 12.5, 19.75, 0, 153.75, 273.75, 0, 0, 0
26, 1, 21, 0, 0, 33, 2, 0, 1, 3, 2.2, 20.75, 0, 2.2, 20.75, 0, 0, 0
27, 42, 40, 0, 7, 37, 2, 8, 1, 1, 8.25, 23.5, 37.4, 399.15, 950.65, 1562, 1, 0
28, 25, 33, 1, 11, 31, 1, 5, 0, 4, 9.1, 0, 0, 234.95, 0, 0, 0, 0
29, 9, 21, 1, 1, 17, 2, 2, 1, 3, 2.9, 0, 0, 25.25, 0, 0, 0, 0
30, 13, 33, 1, 9, 19, 4, 0, 1, 2, 5.55, 0, 0, 75.25, 0, 0, 1, 0
31, 56, 37, 1, 6, 36, 1, 13, 1, 2, 10.6, 0, 0, 582.6, 0, 0, 1, 0
32, 71, 53, 1, 27, 155, 5, 12, 0, 2, 21, 56, 49.95, 1519.2, 4064.3, 3646.9, 1, 0
33, 35, 50, 1, 26, 140, 2, 21, 1, 4, 6.5, 27.5, 0, 247.55, 1068.25, 0, 0, 0
34, 11, 27, 1, 8, 55, 5, 0, 0, 3, 4.8, 0, 0, 54.1, 0, 0, 0, 0
35, 60, 46, 1, 13, 163, 3, 24, 0, 2, 33.9, 38.25, 55.25, 1947.95, 2326.35, 3125.95, 1, 0
36, 20, 35, 1, 11, 52, 4, 0, 0, 2, 4.25, 0, 0, 82.7, 0, 0, 1, 1
37, 54, 60, 0, 38, 211, 4, 25, 0, 1, 21.15, 39.25, 54.85, 1228.7, 2102.25, 2895.85, 1, 0
38, 44, 57, 1, 1, 186, 2, 17, 0, 2, 9.8, 33.5, 41.65, 428.25, 1379.55, 1826.7, 0, 0
39, 11, 41, 1, 0, 39, 1, 1, 1, 2, 6.55, 29.25, 0, 67.8, 303.65, 0, 0, 1
40, 72, 57, 0, 34, 22, 2, 35, 1, 1, 41.75, 49, 0, 3043.05, 3581, 0, 0, 0
41, 10, 41, 0, 7, 30, 1, 7, 0, 1, 2.5, 19.25, 0, 31.25, 178.2, 0, 0, 0
42, 15, 28, 0, 0, 29, 2, 4, 1, 1, 4.25, 30, 0, 78, 426.05, 0, 0, 0
43, 27, 28, 1, 4, 23, 2, 8, 0, 5, 6.2, 0, 0, 180.15, 0, 0, 0, 0
44, 9, 36, 1, 14, 62, 4, 10, 0, 6, 5.65, 0, 48.5, 43.3, 0, 364.85, 1, 1
45, 64, 43, 1, 20, 76, 4, 20, 1, 4, 14.7, 18.75, 0, 897.05, 1279.25, 0, 0, 0
46, 65, 41, 1, 3, 74, 4, 16, 0, 2, 14.5, 0, 0, 963.3, 0, 0, 1, 0
47, 49, 51, 1, 27, 63, 4, 19, 0, 5, 12.85, 25.75, 0, 585.6, 1278.45, 0, 1, 0
48, 47, 41, 1, 0, 36, 4, 8, 0, 2, 7.75, 0, 38.8, 361, 0, 1730.4, 1, 1
49, 9, 34, 1, 9, 33, 2, 8, 1, 4, 2.95, 0, 0, 18.9, 0, 0, 0, 1
50, 5, 36, 0, 14, 29, 2, 9, 1, 1, 3.25, 31.5, 26.75, 16.8, 154.65, 98.6, 1, 1
51, 30, 34, 1, 4, 27, 2, 1, 0, 5, 6.3, 0, 0, 150.9, 0, 0, 0, 1
52, 56, 52, 1, 28, 49, 2, 12, 0, 4, 24.75, 0, 0, 1349.05, 0, 0, 0, 0
53, 10, 22, 0, 0, 24, 4, 0, 0, 1, 7.8, 23.75, 30.05, 63, 222.55, 306.3, 1, 0
54, 7, 26, 1, 3, 26, 2, 2, 0, 5, 4.85, 15.5, 0, 33.7, 136.55, 0, 0, 0
55, 52, 27, 0, 6, 47, 3, 5, 0, 2, 6.25, 18.5, 0, 330.4, 942.65, 0, 1, 0
56, 36, 45, 1, 1, 94, 2, 18, 1, 5, 7.2, 15.75, 0, 258.75, 553.8, 0, 0, 1
57, 27, 34, 0, 8, 21, 3, 4, 1, 1, 7.65, 0, 0, 213.45, 0, 0, 0, 0
58, 58, 62, 1, 36, 27, 1, 0, 0, 2, 15.5, 0, 0, 967.1, 0, 0, 0, 0
59, 41, 52, 0, 27, 30, 2, 2, 1, 1, 10.4, 28, 27.5, 447.85, 1152, 1036.65, 0, 0
60, 47, 40, 1, 16, 127, 4, 12, 1, 4, 19.7, 0, 0, 909.9, 0, 0, 1, 0
61, 55, 39, 1, 15, 137, 2, 20, 1, 2, 12.7, 27.5, 0, 676.9, 1505.2, 0, 0, 1
62, 56, 50, 1, 1, 80, 2, 24, 1, 4, 28.8, 55.5, 61.1, 1558.1, 3119.45, 3268.05, 0, 0
63, 35, 55, 0, 24, 30, 2, 2, 0, 1, 10.25, 0, 0, 395.85, 0, 0, 0, 0
64, 69, 51, 1, 11, 438, 4, 23, 1, 2, 29, 0, 0, 1815.4, 0, 0, 0, 0
65, 44, 39, 0, 16, 79, 2, 16, 0, 1, 15.25, 24.5, 30.05, 653.7, 1037.45, 1280, 1, 1
66, 36, 47, 1, 16, 63, 1, 23, 0, 2, 9.05, 0, 0, 373.65, 0, 0, 0, 0
67, 28, 51, 1, 22, 40, 3, 10, 1, 6, 8.95, 21.25, 0, 253.55, 586.95, 0, 0, 0
68, 72, 67, 1, 44, 51, 1, 34, 0, 2, 57.05, 51.5, 0, 4168.25, 3657.9, 0, 0, 0
69, 16, 27, 0, 5, 37, 3, 5, 0, 4, 6, 0, 0, 80.7, 0, 0, 0, 0
70, 3, 43, 0, 19, 61, 4, 11, 1, 1, 3.15, 0, 17.95, 7.9, 0, 38.2, 1, 1
71, 40, 57, 1, 15, 22, 2, 9, 0, 2, 8.55, 0, 0, 381.5, 0, 0, 0, 0
72, 16, 39, 0, 6, 44, 4, 3, 1, 1, 6.6, 0, 0, 96.3, 0, 0, 1, 0
73, 20, 42, 0, 4, 17, 3, 5, 0, 1, 7.8, 0, 0, 175.85, 0, 0, 0, 0
74, 48, 43, 0, 13, 110, 5, 15, 1, 3, 7.25, 0, 20.65, 359.35, 0, 1010.4, 1, 0
75, 64, 48, 1, 13, 91, 2, 24, 0, 2, 24.5, 24.75, 29.65, 1531.9, 1569.25, 1875.95, 0, 0
76, 8, 46, 0, 3, 46, 2, 8, 0, 1, 3.15, 0, 0, 16.65, 0, 0, 1, 0
77, 40, 38, 1, 10, 85, 3, 12, 0, 2, 10.6, 0, 0, 384.8, 0, 0, 0, 1
78, 38, 71, 0, 27, 10, 2, 12, 0, 1, 11.2, 0, 0, 429.85, 0, 0, 0, 0
79, 67, 68, 0, 28, 244, 1, 47, 1, 1, 30.25, 30.25, 0, 2186.2, 2036.15, 0, 0, 0
80, 26, 42, 0, 0, 80, 4, 15, 1, 1, 7.85, 44, 43.75, 196.65, 1123.25, 1176.55, 1, 0
81, 41, 34, 1, 15, 83, 5, 1, 1, 2, 8.9, 33.75, 0, 379.55, 1404.45, 0, 0, 0
82, 2, 31, 0, 2, 21, 1, 6, 0, 1, 1.65, 0, 0, 3.2, 0, 0, 0, 1
83, 20, 48, 1, 29, 24, 2, 3, 0, 2, 11.85, 22.5, 0, 230.7, 452.75, 0, 0, 1
84, 31, 53, 0, 2, 351, 3, 31, 1, 1, 5.5, 31.5, 0, 185.3, 1009.9, 0, 0, 0
85, 45, 52, 1, 4, 169, 4, 29, 1, 4, 14.65, 0, 0, 618.15, 0, 0, 0, 0
86, 33, 27, 1, 7, 46, 2, 7, 0, 4, 7.25, 0, 0, 243.35, 0, 0, 1, 0
87, 10, 26, 0, 6, 34, 3, 3, 0, 1, 4.85, 0, 0, 41.85, 0, 0, 0, 0
88, 62, 54, 1, 2, 50, 4, 3, 0, 2, 17.25, 0, 33.25, 1067.8, 0, 2022.55, 1, 1
89, 4, 35, 0, 16, 161, 5, 6, 1, 1, 3.4, 23.75, 35.75, 10.35, 103.1, 135.25, 1, 1
90, 42, 47, 1, 17, 212, 4, 17, 0, 2, 7.45, 26.75, 0, 320.9, 1163.55, 0, 0, 0
91, 27, 51, 1, 3, 80, 5, 11, 0, 3, 7.1, 0, 0, 176.2, 0, 0, 1, 0
92, 38, 42, 0, 1, 30, 4, 7, 1, 1, 13.2, 27.5, 0, 495.85, 1087.9, 0, 0, 0
93, 52, 61, 1, 3, 53, 5, 1, 1, 2, 12.25, 0, 35.95, 631.7, 0, 1971.35, 1, 0
94, 35, 33, 0, 9, 73, 5, 4, 1, 1, 5.85, 38.25, 40.35, 216.6, 1337.6, 1423.8, 1, 0
95, 3, 20, 1, 1, 17, 2, 0, 1, 4, 3.75, 0, 0, 12.3, 0, 0, 1, 1
96, 17, 33, 0, 9, 23, 5, 3, 0, 1, 10.2, 0, 30.9, 196.3, 0, 529.25, 1, 1
97, 55, 53, 1, 21, 34, 1, 8, 0, 2, 5.7, 0, 0, 304.4, 0, 0, 0, 0
98, 43, 36, 1, 5, 107, 1, 19, 1, 3, 11.55, 12.75, 0, 491.55, 583.75, 0, 0, 1
99, 47, 25, 1, 5, 21, 1, 1, 1, 2, 8.65, 30.5, 0, 426.6, 1465.45, 0, 0, 1
100, 65, 58, 0, 30, 83, 2, 16, 1, 1, 19.3, 0, 0, 1323.2, 0, 0, 0, 0
101, 13, 20, 0, 1, 17, 3, 0, 0, 5, 3.05, 0, 0, 40.3, 0, 0, 1, 0
102, 64, 25, 1, 4, 76, 3, 2, 1, 6, 24.05, 0, 0, 1536.55, 0, 0, 1, 0
103, 12, 24, 0, 2, 19, 1, 0, 0, 1, 4, 24.75, 0, 46, 299, 0, 0, 1
104, 29, 32, 1, 0, 49, 4, 3, 1, 3, 6.7, 0, 0, 187, 0, 0, 1, 1
105, 23, 47, 0, 21, 173, 3, 22, 1, 1, 7.6, 0, 0, 145.9, 0, 0, 1, 0
106, 14, 35, 0, 4, 47, 3, 10, 1, 1, 5, 21.75, 24.15, 76.2, 318.2, 274, 1, 1
107, 35, 61, 0, 23, 41, 2, 11, 0, 1, 9.6, 0, 0, 353.55, 0, 0, 0, 0
108, 26, 39, 0, 8, 105, 3, 13, 1, 1, 6.6, 39.75, 38.25, 159.7, 1022.45, 885.1, 1, 0
109, 13, 54, 0, 2, 31, 4, 2, 0, 1, 5.85, 0, 0, 97, 0, 0, 1, 0
110, 69, 40, 1, 13, 41, 2, 17, 0, 3, 25.25, 0, 0, 1725.1, 0, 0, 0, 0
111, 61, 50, 1, 30, 102, 4, 9, 1, 3, 12.6, 0, 0, 760.3, 0, 0, 1, 0
112, 45, 22, 1, 2, 36, 4, 0, 1, 5, 9.95, 14.75, 0, 412.1, 663.1, 0, 0, 1
113, 3, 37, 0, 13, 24, 1, 3, 1, 1, 2, 0, 0, 3.05, 0, 0, 1, 0
114, 53, 22, 0, 1, 25, 4, 0, 0, 2, 12.05, 0, 0, 666, 0, 0, 1, 0
115, 59, 42, 0, 1, 68, 2, 21, 1, 1, 17.3, 21.25, 0, 997.85, 1183.55, 0, 0, 0
116, 13, 34, 0, 11, 20, 3, 0, 1, 1, 4.8, 0, 0, 71.05, 0, 0, 0, 0
117, 31, 31, 0, 4, 48, 1, 15, 0, 1, 3.8, 0, 0, 127.7, 0, 0, 0, 0
118, 40, 29, 1, 6, 40, 2, 8, 1, 5, 13, 0, 0, 502.95, 0, 0, 0, 0
119, 48, 55, 0, 15, 79, 1, 25, 0, 1, 13.8, 0, 0, 668.65, 0, 0, 0, 0
120, 3, 31, 0, 1, 28, 1, 0, 0, 1, 3.45, 15.5, 0, 13.3, 48.75, 0, 0, 1
121, 51, 48, 0, 12, 64, 2, 22, 1, 1, 14.8, 0, 0, 708.45, 0, 0, 0, 0
122, 33, 41, 0, 15, 37, 2, 11, 0, 1, 12.2, 0, 0, 415.05, 0, 0, 0, 0
123, 14, 47, 1, 7, 48, 1, 13, 0, 2, 4.25, 11, 0, 55.5, 126.45, 0, 0, 0
124, 17, 42, 1, 6, 131, 5, 6, 0, 3, 5.8, 0, 21.65, 103.1, 0, 331.4, 1, 1
125, 19, 29, 1, 9, 18, 2, 2, 0, 3, 5.4, 0, 0, 108.5, 0, 0, 1, 1
126, 58, 36, 0, 10, 38, 2, 14, 1, 1, 10.15, 0, 0, 538.65, 0, 0, 0, 0
127, 22, 23, 0, 3, 37, 2, 4, 1, 3, 5.35, 0, 24.7, 144.05, 0, 503.5, 1, 0
128, 29, 31, 1, 1, 60, 4, 6, 0, 5, 9.6, 0, 0, 243.9, 0, 0, 1, 1
129, 14, 22, 1, 2, 13, 3, 0, 1, 4, 9.45, 0, 0, 117.55, 0, 0, 0, 1
130, 70, 64, 1, 18, 98, 1, 31, 1, 2, 26.15, 84, 45.45, 1805.1, 5850.25, 3243.25, 0, 0
131, 62, 52, 1, 2, 195, 1, 23, 0, 2, 23.15, 36.75, 34.3, 1420.95, 2308.25, 2082.8, 0, 1
132, 7, 35, 1, 0, 47, 1, 14, 0, 5, 5.2, 0, 0, 46.9, 0, 0, 0, 1
133, 56, 47, 1, 19, 65, 2, 22, 0, 3, 12.4, 48.75, 58.4, 744.45, 2695.95, 3084.2, 0, 0
134, 50, 50, 1, 22, 150, 5, 5, 1, 4, 19.3, 0, 0, 930.8, 0, 0, 1, 1
135, 57, 39, 0, 6, 106, 5, 8, 0, 1, 9.05, 24.25, 39.6, 568.15, 1486.35, 2183.95, 0, 0
136, 2, 40, 0, 19, 51, 4, 14, 1, 1, 4.25, 0, 0, 6.8, 0, 0, 1, 0
137, 40, 38, 0, 17, 96, 4, 0, 1, 1, 9.3, 0, 0, 316.05, 0, 0, 0, 0
138, 6, 43, 0, 4, 33, 5, 7, 0, 2, 4.25, 0, 26.75, 30, 0, 146.55, 0, 0
139, 23, 25, 1, 6, 38, 2, 1, 1, 3, 13.9, 23.25, 0, 255, 574.85, 0, 0, 0
140, 11, 32, 0, 6, 125, 4, 5, 0, 1, 3.8, 19.25, 58.25, 31.75, 233.4, 577.7, 1, 1
141, 29, 37, 1, 13, 145, 5, 0, 1, 4, 8.6, 24, 28, 241.45, 713.45, 722.8, 0, 0
142, 42, 44, 1, 2, 99, 2, 21, 0, 3, 22.05, 34.75, 0, 841.55, 1501.55, 0, 0, 0
143, 20, 34, 1, 2, 22, 4, 0, 1, 3, 4.85, 18.25, 31.65, 75.45, 338.55, 570.65, 1, 0
144, 72, 60, 1, 21, 31, 1, 38, 0, 2, 32.25, 0, 0, 2349.25, 0, 0, 0, 0
145, 2, 36, 0, 3, 25, 1, 6, 1, 1, 1.9, 15.75, 24.15, 3.6, 23.05, 20.95, 0, 0
146, 46, 25, 0, 5, 57, 5, 0, 1, 2, 20.25, 21.25, 28.35, 923.95, 968.95, 1246.45, 1, 0
147, 39, 51, 1, 21, 41, 5, 20, 0, 6, 12.1, 20.5, 35.35, 492.8, 910.25, 1301.1, 1, 0
148, 24, 25, 1, 1, 20, 3, 1, 1, 2, 8.15, 0, 0, 209.35, 0, 0, 0, 1
149, 59, 43, 1, 4, 101, 2, 22, 1, 5, 13.65, 0, 0, 817.65, 0, 0, 0, 0
150, 65, 37, 0, 8, 56, 2, 15, 0, 1, 10.25, 0, 0, 681.95, 0, 0, 0, 0
151, 50, 27, 1, 5, 22, 2, 5, 1, 3, 17.2, 0, 0, 893.3, 0, 0, 0, 0
152, 57, 37, 0, 11, 108, 4, 9, 1, 1, 21.8, 27.25, 0, 1292, 1492.1, 0, 0, 0
153, 61, 48, 0, 14, 115, 4, 20, 1, 1, 12.8, 16, 31, 785.7, 953.95, 1799.15, 1, 0
154, 34, 54, 0, 31, 53, 4, 22, 0, 1, 8.1, 18, 66.9, 225.4, 588.4, 2304.8, 1, 0
155, 38, 53, 0, 13, 242, 4, 12, 0, 1, 8.95, 37.75, 50.75, 396.35, 1556.4, 1934.9, 1, 0
156, 3, 24, 1, 2, 20, 2, 3, 1, 5, 3.35, 22.5, 0, 7.55, 49.55, 0, 0, 0
157, 4, 47, 0, 5, 123, 4, 11, 0, 1, 2.5, 0, 0, 9.25, 0, 0, 1, 0
158, 15, 35, 0, 0, 34, 1, 12, 0, 1, 3.95, 0, 0, 47.95, 0, 0, 0, 0
159, 25, 29, 1, 8, 31, 4, 3, 1, 5, 12.95, 0, 0, 348.9, 0, 0, 1, 1
160, 21, 44, 0, 25, 47, 1, 12, 1, 2, 7.05, 0, 0, 182.3, 0, 0, 0, 0
161, 50, 37, 1, 11, 48, 3, 8, 1, 2, 12.9, 27.75, 0, 669.75, 1445.15, 0, 0, 0
162, 65, 64, 1, 22, 13, 2, 5, 1, 3, 14.6, 33, 0, 921.7, 1990.2, 0, 0, 0
163, 59, 52, 1, 18, 78, 1, 25, 0, 2, 18.6, 0, 0, 1179.05, 0, 0, 0, 0
164, 29, 26, 0, 7, 34, 1, 7, 1, 2, 6.5, 0, 0, 198.7, 0, 0, 0, 0
165, 60, 46, 0, 17, 81, 5, 9, 1, 1, 17.45, 0, 0, 1067, 0, 0, 1, 0
166, 71, 45, 1, 14, 86, 2, 25, 0, 2, 45.05, 0, 0, 3235.9, 0, 0, 0, 0
167, 38, 27, 1, 0, 26, 4, 2, 0, 4, 12.2, 0, 28.05, 477.5, 0, 1111, 1, 1
168, 16, 34, 1, 5, 51, 2, 8, 1, 5, 4.7, 0, 0, 61.5, 0, 0, 0, 0
169, 7, 31, 0, 10, 59, 3, 10, 0, 1, 2.45, 0, 0, 16.35, 0, 0, 1, 0
170, 59, 53, 0, 21, 112, 4, 16, 0, 1, 21.1, 0, 25.3, 1236.3, 0, 1465.35, 1, 1
171, 22, 56, 1, 14, 57, 4, 28, 0, 2, 6.2, 18.25, 28.8, 135.2, 417.55, 649.6, 0, 0
172, 18, 48, 1, 20, 41, 1, 2, 1, 2, 4.35, 13, 0, 59.15, 220.95, 0, 0, 0
173, 64, 46, 1, 19, 168, 2, 26, 1, 2, 14.2, 71, 62.45, 928.8, 4667.75, 3704.05, 1, 0
174, 7, 33, 0, 4, 29, 4, 4, 1, 3, 4.65, 0, 0, 35.45, 0, 0, 1, 1
175, 65, 58, 0, 13, 167, 2, 14, 1, 2, 24.3, 0, 0, 1642.35, 0, 0, 0, 0
176, 7, 24, 0, 5, 29, 2, 3, 0, 3, 4.45, 13.5, 0, 43.7, 109.5, 0, 0, 1
177, 64, 55, 0, 28, 104, 1, 26, 1, 1, 15, 0, 0, 960.95, 0, 0, 0, 0
178, 42, 22, 1, 0, 46, 4, 0, 0, 2, 9.35, 20.25, 36, 311.85, 850.65, 1503.65, 0, 1
179, 33, 26, 0, 5, 46, 4, 1, 1, 3, 11, 17.5, 32.05, 350.05, 593.1, 1009.5, 1, 0
180, 3, 33, 0, 8, 51, 4, 0, 1, 1, 2.9, 0, 0, 12.05, 0, 0, 0, 1
181, 69, 42, 1, 11, 65, 2, 18, 0, 2, 14.2, 30.5, 66.55, 1007.5, 2082.75, 4399.6, 1, 0
182, 9, 33, 0, 1, 48, 2, 13, 0, 2, 3.15, 13.25, 0, 39.75, 110.05, 0, 0, 0
183, 22, 34, 1, 1, 46, 3, 1, 0, 4, 7.1, 0, 0, 125.05, 0, 0, 0, 0
184, 53, 63, 1, 15, 43, 2, 18, 0, 2, 14.85, 0, 0, 808.95, 0, 0, 1, 0
185, 71, 53, 0, 30, 110, 1, 34, 0, 1, 17.45, 0, 0, 1249.8, 0, 0, 0, 0
186, 24, 26, 0, 2, 32, 3, 2, 0, 3, 4.25, 0, 0, 97.35, 0, 0, 1, 0
187, 12, 22, 1, 1, 18, 3, 0, 1, 2, 4.65, 0, 0, 57.7, 0, 0, 1, 0
188, 25, 39, 1, 1, 26, 4, 0, 0, 4, 14.45, 0, 24.75, 349.9, 0, 640.8, 1, 1
189, 63, 28, 1, 9, 34, 2, 10, 1, 6, 15, 40, 45.1, 934.05, 2465.4, 2770.35, 0, 0
190, 33, 54, 1, 18, 57, 4, 4, 1, 3, 7.5, 30.25, 0, 226.25, 1105.75, 0, 0, 1
191, 57, 54, 1, 20, 21, 2, 0, 1, 3, 10.6, 0, 0, 565.55, 0, 0, 0, 0
192, 13, 33, 0, 7, 38, 3, 10, 1, 1, 5.05, 18.5, 28.85, 48.6, 199.5, 318.9, 1, 0
193, 13, 21, 0, 2, 19, 3, 0, 1, 1, 7.9, 0, 0, 98.35, 0, 0, 0, 1
194, 71, 39, 0, 2, 40, 3, 17, 0, 1, 36.25, 27.75, 0, 2553.7, 1916.25, 0, 0, 0
195, 18, 69, 1, 11, 58, 3, 8, 0, 2, 6.35, 27.25, 63, 118.05, 454.05, 1049.95, 1, 0
196, 17, 51, 1, 10, 95, 2, 15, 1, 2, 7.45, 0, 0, 132.9, 0, 0, 0, 1
197, 22, 43, 0, 4, 114, 2, 19, 0, 1, 9.25, 0, 0, 202.8, 0, 0, 0, 0
198, 65, 65, 1, 27, 128, 3, 24, 0, 2, 21.2, 24, 0, 1325.05, 1483.55, 0, 0, 0
199, 7, 40, 0, 9, 33, 4, 2, 1, 1, 2.8, 0, 0, 16.85, 0, 0, 1, 0
200, 72, 66, 0, 30, 460, 4, 41, 1, 1, 89.4, 0, 0, 6353.9, 0, 0, 0, 0
201, 35, 43, 0, 12, 224, 3, 17, 0, 1, 7.7, 0, 0, 271.55, 0, 0, 0, 0
202, 24, 39, 0, 2, 122, 4, 12, 0, 3, 4.45, 26.25, 35.9, 98.35, 625.95, 844.95, 0, 0
203, 64, 24, 1, 0, 23, 3, 1, 1, 5, 7, 0, 0, 394.6, 0, 0, 0, 0
204, 63, 63, 1, 19, 191, 3, 27, 0, 2, 12.7, 0, 0, 782.45, 0, 0, 0, 0
205, 38, 31, 1, 7, 187, 4, 6, 0, 3, 12.65, 21.25, 47.85, 448.75, 834, 1801.75, 0, 1
206, 29, 37, 1, 9, 119, 3, 12, 0, 3, 4.6, 0, 0, 138.7, 0, 0, 0, 0
207, 72, 69, 1, 49, 44, 2, 44, 1, 2, 99.95, 0, 0, 7257.6, 0, 0, 0, 0
208, 10, 27, 1, 2, 15, 3, 2, 1, 2, 7.5, 12.75, 39.5, 66.45, 154.9, 377.35, 1, 1
209, 72, 64, 0, 41, 674, 4, 37, 1, 1, 49.6, 32.75, 60.15, 3535.8, 2378.15, 4366.2, 0, 0
210, 52, 23, 1, 4, 33, 4, 0, 1, 2, 13.1, 18.25, 0, 757.8, 945.15, 0, 0, 0
211, 13, 55, 0, 3, 250, 2, 35, 1, 2, 4.1, 0, 0, 50.1, 0, 0, 0, 0
212, 3, 33, 0, 6, 64, 4, 0, 0, 2, 2.15, 0, 0, 6, 0, 0, 1, 1
213, 39, 24, 1, 2, 26, 2, 4, 0, 4, 10.4, 0, 0, 403.5, 0, 0, 1, 1
214, 28, 29, 0, 4, 23, 3, 5, 0, 2, 3.7, 0, 0, 91.95, 0, 0, 1, 0
215, 46, 42, 0, 9, 52, 4, 7, 0, 3, 14.25, 0, 0, 611.65, 0, 0, 0, 0
216, 62, 46, 0, 27, 200, 3, 9, 1, 1, 26.25, 0, 0, 1625.35, 0, 0, 0, 0
217, 23, 33, 1, 7, 28, 1, 4, 0, 2, 6.9, 0, 0, 177.4, 0, 0, 0, 0
218, 23, 25, 1, 5, 19, 5, 0, 0, 3, 6.95, 25, 0, 157.1, 562.2, 0, 1, 1
219, 72, 61, 1, 39, 76, 3, 21, 0, 2, 54.8, 67.25, 55.5, 3983.6, 4905.85, 4097.7, 0, 0
220, 56, 60, 0, 26, 70, 2, 20, 0, 1, 7.75, 0, 26.15, 397.15, 0, 1340.75, 1, 0
221, 8, 30, 0, 1, 34, 2, 9, 1, 1, 4.25, 0, 0, 28.65, 0, 0, 0, 0
222, 3, 36, 0, 7, 34, 5, 3, 1, 3, 2.7, 13, 0, 7, 35.65, 0, 1, 0
223, 37, 37, 0, 7, 172, 3, 13, 0, 1, 6.85, 0, 0, 258.5, 0, 0, 1, 0
224, 37, 53, 1, 13, 48, 1, 10, 0, 3, 12.55, 23.5, 0, 439.55, 876.05, 0, 0, 0
225, 6, 30, 0, 9, 45, 2, 2, 1, 1, 1.35, 0, 0, 9.95, 0, 0, 0, 1
226, 48, 47, 0, 9, 72, 3, 13, 0, 5, 15.3, 28.5, 32.55, 732.35, 1352.1, 1559.1, 0, 1
227, 43, 43, 1, 3, 55, 4, 18, 1, 4, 9.1, 40.75, 50.6, 422.7, 1802.5, 2244.8, 0, 0
228, 21, 29, 0, 7, 40, 4, 2, 1, 4, 4.5, 17, 33.4, 89.1, 386.8, 653.9, 0, 0
229, 6, 33, 0, 12, 26, 3, 0, 0, 1, 6.1, 18.75, 22.8, 35.1, 131.1, 121.75, 0, 1
230, 69, 51, 0, 18, 96, 1, 33, 0, 4, 33.95, 87, 0, 2338.8, 5916, 0, 0, 0
231, 22, 33, 0, 9, 54, 1, 10, 0, 1, 11.05, 22.25, 0, 246.7, 504.4, 0, 0, 0
232, 28, 40, 1, 1, 47, 2, 9, 1, 3, 8.1, 29.5, 0, 224.25, 774.75, 0, 0, 0
233, 71, 47, 1, 23, 142, 1, 30, 0, 2, 32.2, 0, 0, 2237.35, 0, 0, 0, 0
234, 7, 37, 0, 5, 57, 4, 1, 0, 1, 3.8, 0, 0, 23.9, 0, 0, 0, 0
235, 63, 29, 0, 10, 20, 3, 7, 0, 2, 13.3, 31, 96.25, 867.9, 1944.45, 6132.2, 1, 0
236, 53, 57, 0, 25, 37, 1, 7, 0, 1, 7.7, 0, 0, 363.95, 0, 0, 0, 0
237, 50, 52, 1, 17, 36, 4, 16, 0, 4, 11.95, 55, 85.85, 616.25, 2662.1, 4118.6, 1, 0
238, 39, 31, 1, 6, 24, 4, 2, 0, 2, 13.9, 0, 0, 505.55, 0, 0, 1, 0
239, 16, 19, 0, 0, 21, 2, 0, 1, 1, 5.25, 0, 0, 70.25, 0, 0, 0, 0
240, 43, 51, 1, 15, 186, 3, 25, 0, 2, 18.9, 59.75, 59.15, 856.3, 2522.95, 2525.1, 0, 0
241, 44, 31, 0, 12, 30, 1, 7, 1, 3, 8, 0, 0, 317.9, 0, 0, 0, 0
242, 72, 66, 1, 43, 96, 2, 16, 1, 2, 35.15, 34.75, 50.7, 2537.65, 2557.75, 3571.45, 1, 0
243, 61, 76, 0, 39, 15, 1, 29, 0, 1, 18.6, 52.75, 0, 1168.45, 3257.7, 0, 0, 0
244, 43, 21, 1, 1, 25, 1, 4, 0, 4, 7.6, 0, 0, 334.45, 0, 0, 0, 1
245, 24, 39, 0, 11, 49, 3, 7, 1, 1, 7.45, 0, 0, 177.2, 0, 0, 0, 0
246, 64, 45, 0, 4, 38, 2, 7, 1, 1, 13.75, 22.75, 0, 918, 1447.4, 0, 0, 1
247, 64, 38, 0, 0, 29, 2, 2, 0, 2, 17.5, 15.5, 0, 1114.45, 1141.55, 0, 0, 0
248, 24, 26, 0, 7, 55, 2, 7, 1, 1, 7.6, 0, 0, 175.8, 0, 0, 0, 0
249, 33, 55, 1, 21, 64, 3, 10, 1, 3, 5.15, 14.5, 0, 163.05, 494.55, 0, 0, 0
250, 33, 33, 1, 12, 42, 4, 7, 1, 5, 8.8, 0, 23.35, 305.75, 0, 665.35, 0, 0
251, 2, 40, 0, 9, 134, 4, 2, 0, 1, 3.9, 0, 0, 4.6, 0, 0, 1, 0
252, 42, 48, 1, 22, 82, 1, 21, 1, 5, 9.3, 25, 0, 459, 1006.9, 0, 1, 0
253, 52, 54, 1, 5, 153, 5, 10, 0, 2, 11.05, 0, 30.15, 555.85, 0, 1525.15, 1, 1
254, 45, 66, 0, 43, 144, 2, 13, 1, 1, 7.75, 0, 0, 338.8, 0, 0, 0, 0
255, 3, 25, 0, 4, 22, 4, 0, 0, 2, 2.85, 0, 0, 7.5, 0, 0, 1, 1
256, 37, 53, 1, 16, 35, 1, 16, 1, 4, 21.3, 0, 0, 788.25, 0, 0, 0, 0
257, 28, 57, 0, 33, 82, 4, 22, 1, 1, 4.05, 0, 0, 71.5, 0, 0, 1, 1
258, 40, 63, 1, 9, 61, 1, 22, 0, 2, 10.9, 0, 0, 470.9, 0, 0, 0, 0
259, 37, 33, 0, 1, 102, 2, 12, 0, 1, 16.3, 0, 37.9, 646.7, 0, 1330.6, 1, 0
260, 7, 27, 0, 5, 31, 3, 4, 0, 5, 4.15, 15, 41.85, 30.8, 96.6, 235.55, 1, 1
261, 71, 56, 0, 23, 170, 1, 30, 1, 1, 14.2, 27, 0, 1001.2, 1840.65, 0, 0, 0
262, 19, 46, 0, 11, 26, 2, 0, 1, 1, 6.05, 0, 0, 121.7, 0, 0, 1, 0
263, 61, 40, 0, 15, 85, 3, 15, 1, 1, 13.65, 29.25, 0, 831.15, 1823.6, 0, 1, 0
264, 70, 53, 1, 16, 183, 2, 35, 1, 2, 32.9, 0, 0, 2234.9, 0, 0, 0, 0
265, 60, 55, 1, 13, 67, 1, 18, 1, 2, 10.75, 0, 0, 697.7, 0, 0, 0, 0
266, 48, 45, 1, 5, 42, 1, 11, 1, 2, 9.25, 0, 0, 435.6, 0, 0, 0, 0
267, 8, 63, 1, 1, 31, 1, 9, 0, 2, 2.25, 13.75, 0, 16.8, 102.55, 0, 0, 0
268, 58, 58, 1, 10, 96, 2, 17, 0, 4, 12.5, 23, 0, 710.8, 1345.95, 0, 0, 0
269, 16, 24, 1, 5, 24, 3, 2, 0, 5, 9.4, 0, 0, 124.2, 0, 0, 0, 0
270, 33, 33, 0, 4, 53, 2, 14, 1, 1, 5.05, 0, 0, 145.85, 0, 0, 0, 0
271, 39, 25, 0, 4, 18, 1, 0, 1, 1, 6.75, 0, 0, 242.7, 0, 0, 0, 0
272, 62, 51, 0, 10, 43, 4, 19, 0, 2, 27.15, 0, 41.15, 1632.4, 0, 2521.05, 1, 0
273, 50, 34, 0, 10, 104, 3, 9, 0, 1, 27.5, 21.75, 47.9, 1444.45, 1219.55, 2368.4, 1, 0
274, 48, 55, 0, 31, 26, 1, 1, 0, 1, 12.15, 0, 0, 606.1, 0, 0, 0, 0
275, 31, 62, 0, 5, 56, 2, 26, 1, 1, 4.3, 22.25, 0, 123.5, 744.45, 0, 0, 0
276, 65, 33, 1, 9, 49, 2, 6, 0, 5, 42.9, 17.25, 0, 2706.8, 1094.1, 0, 0, 0
277, 36, 58, 0, 34, 80, 1, 21, 1, 1, 8.5, 0, 0, 298.25, 0, 0, 0, 0
278, 61, 46, 0, 5, 318, 3, 18, 1, 1, 28.9, 39.25, 0, 1796.7, 2442.75, 0, 0, 0
279, 48, 42, 0, 21, 35, 4, 5, 0, 1, 12.9, 0, 0, 589.35, 0, 0, 0, 0
280, 35, 45, 0, 17, 29, 1, 6, 0, 1, 8.4, 0, 0, 300.35, 0, 0, 0, 0
281, 51, 28, 0, 8, 43, 5, 1, 0, 5, 11.15, 35, 80.35, 623, 1920.5, 4059.9, 1, 0
282, 49, 51, 1, 5, 80, 5, 3, 0, 2, 5.75, 0, 36.7, 285.4, 0, 1679.45, 1, 1
283, 35, 39, 1, 11, 30, 3, 2, 1, 3, 6.85, 27.75, 0, 224.85, 929.95, 0, 0, 1
284, 58, 70, 0, 2, 9, 3, 24, 1, 1, 23.3, 0, 35.15, 1384.45, 0, 1975.7, 0, 0
285, 23, 35, 1, 0, 23, 2, 1, 0, 5, 6.7, 0, 0, 153.9, 0, 0, 0, 0
286, 26, 39, 1, 15, 58, 4, 9, 1, 2, 8.65, 21.25, 19.65, 210.6, 567.55, 493.85, 0, 0
287, 38, 37, 1, 1, 52, 1, 20, 1, 4, 12.2, 41.5, 54.4, 532.55, 1686.3, 2051.1, 0, 0
288, 35, 66, 1, 44, 14, 3, 12, 1, 2, 4.7, 31, 0, 202.5, 1135, 0, 0, 0
289, 37, 50, 0, 9, 110, 2, 21, 1, 1, 9.65, 28.5, 0, 364.05, 992.4, 0, 0, 0
290, 48, 43, 1, 1, 60, 2, 12, 0, 2, 15.5, 19.25, 0, 719.7, 905.15, 0, 0, 0
291, 13, 43, 1, 1, 123, 3, 21, 0, 5, 3.85, 23, 0, 55.05, 317.5, 0, 1, 0
292, 72, 63, 1, 29, 15, 5, 31, 0, 2, 20.6, 0, 0, 1547.45, 0, 0, 0, 0
293, 30, 27, 0, 4, 47, 4, 2, 1, 2, 10.75, 0, 0, 296.9, 0, 0, 0, 1
294, 24, 43, 0, 14, 138, 4, 11, 1, 1, 6.65, 20.25, 24.65, 130.6, 445.6, 551.15, 0, 0
295, 25, 51, 1, 20, 359, 3, 29, 0, 2, 5.75, 27.5, 21.4, 163.75, 676.15, 475.55, 0, 0
296, 50, 52, 0, 30, 214, 3, 22, 0, 1, 11.5, 26.25, 48.3, 610.35, 1287.7, 2412.75, 1, 0
297, 28, 40, 0, 7, 64, 1, 19, 0, 1, 6, 27.5, 0, 167.65, 722.5, 0, 0, 0
298, 34, 51, 0, 8, 50, 4, 14, 0, 1, 16.15, 0, 0, 531.35, 0, 0, 1, 0
299, 48, 32, 0, 2, 88, 3, 9, 0, 1, 6.15, 33.75, 44.75, 307.65, 1603.8, 2119.35, 0, 0
300, 42, 36, 1, 8, 86, 2, 15, 1, 2, 9.8, 0, 0, 436.45, 0, 0, 0, 0
301, 67, 65, 1, 30, 17, 1, 29, 1, 2, 21.7, 26.25, 0, 1384.05, 1721.25, 0, 0, 0
302, 17, 41, 1, 7, 25, 2, 17, 0, 3, 6.45, 0, 0, 114.3, 0, 0, 1, 0
303, 29, 38, 1, 19, 46, 2, 6, 0, 2, 8.35, 0, 0, 248.6, 0, 0, 1, 0
304, 66, 61, 0, 26, 361, 1, 40, 1, 1, 12.75, 0, 0, 782, 0, 0, 0, 0
305, 1, 21, 0, 1, 18, 3, 0, 1, 1, 2.7, 0, 0, 2.7, 0, 0, 1, 1
306, 28, 33, 1, 3, 14, 4, 1, 0, 3, 4.55, 15.75, 23.95, 145.95, 504.9, 618.65, 1, 1
307, 15, 35, 1, 5, 34, 3, 8, 0, 2, 5.15, 0, 0, 110.55, 0, 0, 1, 1
308, 12, 64, 0, 13, 9, 2, 6, 1, 1, 3.8, 30, 0, 52.85, 317.75, 0, 1, 0
309, 48, 49, 0, 18, 39, 2, 5, 1, 1, 7, 24.5, 30.75, 399.75, 1229.6, 1394.5, 0, 1
310, 59, 25, 1, 4, 18, 3, 2, 0, 4, 20.1, 0, 0, 1251.4, 0, 0, 0, 0
311, 8, 26, 1, 1, 25, 4, 1, 0, 2, 3.15, 0, 0, 29.9, 0, 0, 1, 1
312, 45, 52, 0, 15, 46, 5, 8, 1, 1, 9.4, 0, 0, 402.1, 0, 0, 1, 1
313, 25, 39, 1, 8, 94, 4, 11, 1, 4, 3.95, 0, 0, 95.2, 0, 0, 0, 1
314, 21, 44, 1, 4, 26, 3, 2, 0, 2, 7.55, 41, 35.75, 160.65, 863.3, 702.95, 0, 0
315, 17, 68, 1, 1, 335, 1, 35, 1, 3, 3.55, 18.75, 27.9, 70.25, 285.9, 422.85, 0, 0
316, 41, 45, 0, 14, 25, 3, 6, 0, 1, 7.8, 0, 23.2, 370.8, 0, 945.3, 1, 1
317, 13, 45, 1, 3, 99, 3, 8, 1, 2, 8.7, 0, 0, 103.4, 0, 0, 0, 1
318, 1, 26, 1, 3, 30, 2, 7, 1, 5, 1.05, 0, 0, 1.05, 0, 0, 1, 1
319, 3, 31, 1, 4, 35, 2, 2, 1, 3, 4.35, 12.75, 21.5, 11, 30.2, 28.5, 1, 1
320, 23, 27, 1, 2, 51, 5, 1, 1, 2, 3.9, 0, 0, 94.95, 0, 0, 0, 1
321, 26, 42, 0, 20, 49, 3, 13, 0, 1, 3.5, 25, 27.7, 82.3, 638.1, 633.4, 1, 1
322, 37, 51, 1, 15, 54, 1, 15, 0, 3, 9.55, 16.5, 0, 323.65, 614.15, 0, 0, 0
323, 5, 30, 0, 3, 46, 4, 7, 0, 1, 4.3, 0, 0, 17.55, 0, 0, 1, 1
324, 32, 27, 1, 3, 91, 4, 1, 1, 3, 5.5, 16, 41.3, 189.05, 543.15, 1269.1, 1, 1
325, 12, 22, 0, 1, 23, 4, 0, 0, 2, 4.05, 0, 0, 33.75, 0, 0, 0, 0
326, 72, 54, 1, 6, 345, 1, 32, 0, 2, 75.45, 0, 0, 5464.6, 0, 0, 0, 0
327, 3, 25, 1, 2, 45, 4, 0, 1, 2, 3, 15.75, 0, 9.15, 53.05, 0, 1, 1
328, 54, 43, 0, 12, 53, 2, 12, 0, 1, 14.35, 32.25, 0, 775.9, 1749.4, 0, 0, 0
329, 26, 26, 0, 2, 14, 2, 6, 1, 1, 7.8, 36.5, 27.9, 204.25, 884.2, 764.55, 1, 1
330, 14, 36, 0, 13, 67, 5, 4, 1, 1, 14.05, 0, 0, 187.4, 0, 0, 0, 0
331, 22, 51, 0, 27, 49, 3, 1, 0, 1, 9, 0, 0, 150.7, 0, 0, 1, 0
332, 65, 47, 1, 18, 37, 1, 15, 1, 4, 19.05, 0, 0, 1174.6, 0, 0, 0, 0
333, 26, 45, 0, 18, 33, 1, 9, 0, 1, 9.6, 24.25, 0, 285.35, 563.5, 0, 0, 0
334, 20, 37, 0, 5, 46, 3, 10, 1, 4, 4.9, 0, 41.35, 91.55, 0, 815.8, 1, 0
335, 67, 60, 1, 32, 93, 1, 21, 0, 4, 18.85, 0, 0, 1200.7, 0, 0, 1, 0
336, 34, 55, 0, 2, 48, 2, 11, 0, 1, 4.25, 0, 0, 143.35, 0, 0, 0, 0
337, 37, 54, 1, 35, 183, 2, 22, 0, 3, 7.3, 20.5, 0, 257.6, 769.4, 0, 0, 0
338, 22, 23, 1, 3, 16, 1, 5, 0, 4, 5.4, 0, 0, 120.4, 0, 0, 0, 0
339, 5, 69, 0, 0, 11, 2, 14, 0, 1, 6.65, 9.75, 0, 35.2, 44.8, 0, 0, 0
340, 28, 31, 1, 0, 42, 4, 5, 1, 3, 12.25, 23.75, 0, 373.8, 674.5, 0, 0, 0
341, 20, 41, 1, 7, 67, 4, 14, 1, 4, 7.25, 0, 0, 149.1, 0, 0, 0, 0
342, 72, 41, 0, 20, 181, 4, 12, 0, 1, 27.3, 23.25, 52.4, 1963.95, 1645.8, 3790.55, 1, 0
343, 30, 43, 0, 18, 53, 4, 6, 0, 1, 7, 0, 0, 232.9, 0, 0, 1, 0
344, 71, 52, 0, 17, 172, 2, 32, 0, 1, 49.25, 41.5, 68.1, 3599.3, 3015.6, 4828.2, 0, 0
345, 56, 44, 0, 24, 87, 2, 19, 0, 1, 14.75, 42.25, 0, 822.25, 2396.65, 0, 0, 0
346, 8, 29, 1, 2, 21, 5, 0, 0, 2, 4.15, 0, 0, 39.7, 0, 0, 0, 1
347, 32, 65, 0, 6, 9, 2, 30, 1, 1, 6.25, 0, 0, 201.35, 0, 0, 1, 0
348, 46, 47, 0, 22, 144, 3, 22, 1, 2, 3.5, 28.25, 0, 179.95, 1284.55, 0, 0, 1
349, 60, 45, 1, 23, 117, 4, 11, 0, 3, 12.4, 28, 52.9, 755.7, 1721.25, 3094.65, 1, 0
350, 42, 32, 1, 0, 59, 4, 4, 1, 6, 16.7, 38.25, 72.6, 681.5, 1676.2, 2805.75, 0, 0
351, 71, 60, 1, 39, 508, 4, 35, 0, 4, 23.55, 48.25, 0, 1665.6, 3474.05, 0, 0, 0
352, 72, 63, 1, 40, 222, 2, 43, 1, 2, 81.55, 62.25, 0, 5988.5, 4439.25, 0, 0, 0
353, 45, 66, 0, 11, 87, 3, 25, 1, 1, 6.05, 0, 0, 306.9, 0, 0, 0, 0
354, 5, 31, 0, 4, 34, 1, 9, 0, 1, 1.6, 17.25, 19.85, 6.15, 78.85, 69.9, 0, 1
355, 17, 38, 1, 19, 18, 4, 0, 1, 4, 8.55, 0, 0, 162.25, 0, 0, 0, 0
356, 70, 55, 0, 12, 65, 3, 24, 0, 1, 26.7, 42.75, 0, 1874.25, 2921.35, 0, 0, 0
357, 57, 57, 1, 19, 130, 3, 27, 1, 2, 13.55, 0, 0, 849, 0, 0, 1, 0
358, 20, 33, 0, 13, 44, 3, 8, 1, 1, 6.4, 0, 0, 124.45, 0, 0, 1, 0
359, 72, 52, 1, 21, 63, 1, 24, 0, 3, 41.95, 25.75, 0, 3114.75, 1871.95, 0, 0, 0
360, 32, 50, 0, 28, 57, 4, 20, 0, 1, 4.6, 38.5, 23.5, 123, 1267.1, 707.4, 0, 0
361, 22, 57, 1, 7, 264, 1, 35, 1, 2, 3, 0, 0, 68.35, 0, 0, 0, 0
362, 6, 24, 0, 2, 28, 1, 5, 0, 2, 4.4, 9, 0, 35.1, 57.8, 0, 0, 1
363, 32, 23, 1, 2, 26, 3, 1, 1, 6, 11, 24, 0, 325, 796.95, 0, 0, 0
364, 38, 33, 0, 3, 38, 4, 0, 0, 1, 10.95, 0, 0, 412.8, 0, 0, 1, 0
365, 53, 35, 0, 15, 59, 3, 5, 1, 1, 16.85, 23.25, 0, 888.45, 1250.7, 0, 0, 0
366, 37, 76, 0, 38, 117, 4, 21, 1, 1, 7.5, 0, 0, 273.7, 0, 0, 0, 0
367, 47, 35, 1, 13, 70, 4, 9, 1, 2, 10.75, 33, 45.85, 551, 1556.2, 2168.4, 1, 1
368, 69, 59, 0, 37, 104, 2, 13, 0, 1, 16, 30.5, 0, 1120.75, 2104.65, 0, 0, 0
369, 63, 56, 0, 17, 71, 3, 18, 1, 1, 18.4, 0, 0, 1162.9, 0, 0, 0, 0
370, 61, 34, 1, 0, 70, 3, 7, 1, 3, 18.85, 30, 47.3, 1230.7, 1820.3, 2840.2, 1, 1
371, 56, 38, 1, 8, 56, 4, 10, 0, 2, 25.1, 26.75, 27.4, 1418.35, 1435.25, 1553.5, 1, 0
372, 40, 57, 1, 18, 68, 1, 23, 0, 2, 13.35, 25.75, 0, 572.4, 987.7, 0, 0, 0
373, 61, 45, 0, 21, 80, 2, 13, 1, 1, 18.1, 0, 0, 1114.75, 0, 0, 0, 0
374, 16, 26, 0, 7, 21, 4, 1, 0, 6, 3.55, 11, 30.8, 56.85, 182.25, 438.4, 1, 0
375, 7, 43, 0, 4, 69, 3, 5, 1, 1, 4.45, 0, 0, 36.85, 0, 0, 0, 0
376, 20, 31, 1, 10, 39, 2, 3, 1, 2, 7.75, 0, 0, 148.75, 0, 0, 0, 0
377, 35, 38, 0, 7, 90, 2, 18, 0, 4, 6.8, 17.75, 0, 245.95, 558.35, 0, 1, 0
378, 60, 37, 1, 12, 64, 5, 1, 1, 2, 14.85, 0, 0, 978.35, 0, 0, 0, 0
379, 47, 25, 0, 2, 28, 2, 6, 0, 1, 7.75, 19.75, 31.15, 315.9, 859.6, 1448.4, 1, 0
380, 33, 28, 1, 3, 24, 2, 0, 1, 6, 7.5, 0, 0, 224.25, 0, 0, 1, 0
381, 12, 34, 0, 2, 44, 2, 7, 0, 1, 4.05, 0, 0, 48.85, 0, 0, 0, 0
382, 10, 31, 0, 0, 32, 4, 7, 1, 2, 5.4, 0, 0, 60.15, 0, 0, 1, 1
383, 69, 33, 1, 9, 52, 4, 9, 1, 3, 29.95, 0, 0, 2142.8, 0, 0, 0, 0
384, 23, 20, 0, 1, 15, 3, 0, 1, 1, 7.5, 0, 0, 199.65, 0, 0, 0, 0
385, 53, 31, 0, 10, 46, 3, 6, 0, 2, 27.1, 18.5, 0, 1408.35, 935, 0, 0, 0
386, 60, 57, 1, 14, 107, 2, 33, 1, 2, 17.55, 30.75, 46.7, 1035.2, 1863.15, 2640, 0, 0
387, 33, 33, 0, 7, 56, 2, 11, 0, 1, 13.45, 0, 0, 470.9, 0, 0, 0, 0
388, 67, 40, 1, 21, 40, 4, 7, 1, 4, 24.35, 0, 37.45, 1585.85, 0, 2396.15, 1, 0
389, 15, 38, 1, 5, 56, 3, 13, 0, 3, 5.4, 18, 0, 76.75, 274.95, 0, 0, 0
390, 64, 31, 1, 5, 46, 2, 7, 1, 4, 24.15, 0, 33.2, 1546.55, 0, 2148.15, 1, 0
391, 46, 49, 1, 13, 51, 2, 21, 0, 2, 7.25, 0, 0, 329.95, 0, 0, 0, 1
392, 72, 60, 1, 33, 12, 1, 20, 0, 3, 53.75, 68.5, 43.95, 3776.1, 4938.6, 3102.2, 0, 0
393, 61, 43, 1, 6, 34, 5, 6, 0, 3, 25.05, 39, 51, 1541.9, 2536.1, 3182.65, 1, 1
394, 54, 27, 0, 3, 27, 2, 6, 1, 5, 12.4, 35, 43.5, 660.85, 1919.75, 2259.8, 1, 0
395, 28, 36, 0, 3, 42, 3, 7, 1, 1, 12.9, 28.25, 0, 363.65, 820.15, 0, 0, 0
396, 28, 38, 0, 8, 119, 5, 2, 0, 3, 5.05, 0, 42.65, 141.95, 0, 1189.9, 1, 1
397, 32, 43, 0, 13, 146, 1, 27, 1, 1, 18.3, 33.5, 17.45, 546.35, 1090.65, 559.45, 0, 0
398, 52, 46, 0, 17, 51, 2, 13, 1, 3, 12.5, 0, 0, 638.7, 0, 0, 0, 0
399, 48, 62, 0, 33, 86, 1, 22, 1, 1, 16.35, 33.5, 30.6, 729.3, 1613.6, 1408.5, 1, 0
400, 52, 42, 1, 17, 27, 3, 8, 1, 2, 19.65, 31, 0, 1008.8, 1661.3, 0, 0, 0
401, 37, 43, 0, 8, 38, 3, 9, 0, 1, 8.1, 0, 0, 289.75, 0, 0, 0, 0
402, 41, 52, 0, 26, 928, 3, 29, 0, 3, 7.65, 25, 0, 344, 1060.65, 0, 0, 0
403, 43, 27, 1, 3, 21, 2, 1, 1, 3, 12.65, 0, 0, 558.85, 0, 0, 0, 0
404, 67, 60, 0, 24, 24, 1, 6, 1, 1, 25.1, 0, 0, 1659.1, 0, 0, 0, 0
405, 61, 52, 1, 30, 91, 1, 25, 1, 2, 13.8, 0, 0, 840.15, 0, 0, 0, 0
406, 70, 39, 1, 20, 38, 2, 8, 1, 4, 30.3, 26.5, 0, 2201, 1981.65, 0, 0, 0
407, 44, 32, 1, 1, 96, 4, 5, 1, 4, 5.25, 22, 57.8, 213.45, 951.95, 2451.6, 1, 0
408, 46, 45, 0, 12, 96, 3, 17, 0, 1, 10.95, 0, 0, 504.3, 0, 0, 1, 0
409, 39, 34, 0, 2, 54, 3, 5, 0, 1, 6.5, 0, 0, 265.45, 0, 0, 0, 0
410, 39, 59, 0, 20, 1668, 4, 27, 1, 1, 8.2, 15, 0, 303.95, 595.6, 0, 0, 0
411, 50, 29, 1, 10, 53, 4, 0, 1, 4, 13.2, 46, 46.4, 593.35, 2412.65, 2280, 0, 0
412, 5, 31, 0, 1, 21, 3, 1, 1, 2, 2.6, 0, 0, 16.1, 0, 0, 1, 1
413, 10, 34, 0, 1, 52, 5, 3, 1, 1, 4.3, 0, 25.4, 47.45, 0, 255.7, 1, 1
414, 72, 69, 0, 45, 17, 3, 36, 1, 1, 38.2, 0, 0, 2751.65, 0, 0, 0, 0
415, 68, 60, 0, 40, 262, 2, 39, 1, 1, 31.6, 0, 0, 2112.25, 0, 0, 0, 0
416, 58, 28, 0, 5, 34, 5, 1, 1, 1, 19.9, 0, 0, 1144.6, 0, 0, 1, 0
417, 18, 44, 1, 10, 107, 1, 19, 1, 7, 2.25, 0, 0, 41.8, 0, 0, 0, 0
418, 65, 45, 1, 25, 67, 5, 13, 1, 2, 9.85, 20.75, 0, 671.2, 1391.85, 0, 0, 0
419, 8, 45, 0, 1, 37, 4, 0, 0, 1, 4.65, 0, 0, 64.45, 0, 0, 1, 1
420, 1, 20, 0, 1, 21, 2, 0, 1, 2, 0.9, 0, 0, 0.9, 0, 0, 1, 1
421, 42, 58, 0, 7, 22, 1, 4, 1, 1, 3.6, 0, 0, 166.75, 0, 0, 0, 0
422, 4, 25, 1, 3, 71, 3, 3, 1, 5, 3.6, 0, 0, 14.95, 0, 0, 1, 0
423, 17, 35, 0, 4, 77, 3, 8, 1, 1, 8.1, 15, 0, 144.4, 251.1, 0, 0, 0
424, 8, 24, 1, 1, 18, 4, 0, 1, 5, 2.95, 17, 34.3, 16.8, 134.25, 260.8, 1, 1
425, 49, 37, 1, 17, 50, 2, 12, 1, 2, 4.2, 0, 0, 243.1, 0, 0, 0, 0
426, 56, 46, 1, 21, 33, 4, 7, 0, 2, 22.7, 0, 0, 1257.4, 0, 0, 1, 0
427, 62, 57, 1, 21, 94, 1, 22, 0, 2, 11.95, 32, 0, 757.6, 1999.95, 0, 1, 0
428, 42, 57, 1, 25, 209, 1, 40, 1, 4, 9.45, 0, 0, 383.45, 0, 0, 0, 0
429, 13, 32, 0, 7, 31, 4, 5, 0, 2, 5.05, 35.5, 23.3, 64.85, 452.3, 244.3, 0, 0
430, 69, 46, 1, 18, 66, 2, 19, 0, 4, 21.85, 0, 0, 1589.1, 0, 0, 0, 0
431, 45, 59, 0, 14, 51, 1, 15, 0, 2, 5.95, 0, 0, 236.3, 0, 0, 0, 0
432, 66, 42, 1, 18, 118, 2, 20, 0, 2, 26.8, 0, 0, 1774.75, 0, 0, 0, 0
433, 15, 35, 0, 10, 25, 2, 3, 0, 1, 4.75, 0, 0, 41.4, 0, 0, 1, 1
434, 41, 44, 1, 1, 59, 3, 21, 1, 3, 12.1, 0, 0, 479.95, 0, 0, 1, 0
435, 11, 20, 0, 1, 20, 2, 0, 1, 1, 4.75, 23, 42.7, 48, 221.35, 387.95, 1, 1
436, 45, 30, 1, 0, 63, 5, 4, 0, 4, 7.1, 40.75, 50.85, 314.8, 1849.5, 2239.65, 1, 1
437, 52, 62, 0, 23, 36, 4, 17, 0, 1, 13.35, 18.5, 0, 709.25, 978.85, 0, 0, 0
438, 42, 56, 0, 24, 72, 4, 18, 1, 1, 8, 0, 40.05, 336.9, 0, 1713.3, 1, 0
439, 48, 35, 0, 11, 50, 1, 16, 0, 3, 12.85, 21.75, 0, 622.75, 1018.55, 0, 0, 0
440, 4, 31, 0, 5, 39, 2, 5, 0, 2, 4.9, 26, 36.4, 19.65, 95.95, 142.9, 1, 1
441, 53, 64, 1, 10, 54, 2, 20, 1, 2, 9.65, 39.25, 74.8, 483.55, 2053.2, 3817.55, 1, 0
442, 1, 59, 0, 4, 9, 1, 4, 0, 1, 3.8, 26.5, 0, 3.8, 26.5, 0, 0, 0
443, 19, 30, 1, 10, 33, 4, 1, 0, 3, 4.05, 22.25, 0, 79.45, 396.35, 0, 1, 0
444, 33, 30, 0, 11, 28, 1, 9, 0, 1, 7.4, 0, 0, 246.55, 0, 0, 0, 0
445, 42, 36, 1, 14, 44, 2, 11, 0, 3, 7, 26.5, 26.1, 321.95, 1161.3, 1173.45, 0, 0
446, 60, 32, 0, 12, 34, 4, 4, 1, 2, 23.95, 0, 0, 1513, 0, 0, 0, 0
447, 57, 51, 1, 7, 68, 4, 18, 1, 3, 16.05, 18.75, 0, 930.4, 1096, 0, 0, 0
448, 64, 39, 0, 5, 37, 1, 9, 0, 1, 10.2, 0, 0, 640.75, 0, 0, 0, 0
449, 28, 20, 1, 1, 18, 3, 0, 0, 3, 7.7, 0, 32, 190.05, 0, 873.3, 1, 0
450, 29, 35, 1, 10, 55, 2, 7, 0, 4, 15.65, 21.75, 0, 477.95, 612.55, 0, 0, 1
451, 46, 31, 1, 12, 21, 1, 5, 0, 5, 8.95, 0, 0, 369.95, 0, 0, 0, 0
452, 22, 41, 1, 9, 29, 3, 11, 0, 4, 12.75, 0, 0, 274.85, 0, 0, 0, 1
453, 10, 56, 0, 26, 9, 2, 6, 0, 2, 3.2, 0, 0, 36.9, 0, 0, 0, 0
454, 50, 41, 0, 16, 138, 2, 18, 1, 1, 12.35, 19.75, 0, 585.05, 937.85, 0, 1, 1
455, 55, 65, 0, 34, 28, 4, 12, 1, 1, 18.6, 46.25, 41.2, 1007.3, 2610.55, 2163.5, 0, 0
456, 15, 54, 0, 7, 62, 1, 11, 0, 1, 3.15, 0, 0, 54.25, 0, 0, 0, 0
457, 31, 32, 1, 13, 37, 3, 8, 1, 3, 4.6, 19.75, 56.45, 140.55, 593.75, 1771.1, 0, 0
458, 5, 44, 0, 5, 83, 1, 16, 1, 1, 4.65, 0, 0, 12.3, 0, 0, 0, 1
459, 69, 63, 0, 28, 168, 1, 43, 1, 2, 14.5, 44.25, 0, 1020.3, 3097.25, 0, 0, 0
460, 26, 27, 1, 4, 33, 4, 1, 0, 6, 5.85, 25.5, 34.15, 114.55, 656.85, 810.2, 1, 1
461, 10, 33, 1, 2, 66, 3, 9, 1, 4, 7.1, 21.25, 0, 59.3, 241.8, 0, 0, 1
462, 26, 30, 0, 9, 18, 4, 1, 0, 3, 7.25, 25.5, 0, 171.85, 688.35, 0, 0, 1
463, 25, 30, 0, 0, 20, 1, 4, 1, 1, 8.55, 21.75, 0, 215.95, 522.15, 0, 0, 0
464, 30, 23, 1, 4, 19, 3, 1, 0, 4, 7.9, 0, 0, 253.05, 0, 0, 1, 0
465, 21, 39, 1, 7, 25, 2, 1, 0, 4, 8.5, 27, 31.25, 175.3, 582, 646.9, 0, 0
466, 71, 46, 0, 27, 119, 5, 7, 1, 1, 42.85, 0, 111.95, 3080.85, 0, 7856.85, 1, 0
467, 11, 48, 1, 5, 323, 4, 25, 0, 4, 5.25, 30, 25.75, 48.5, 293.85, 223.25, 0, 1
468, 24, 30, 1, 7, 45, 1, 11, 1, 2, 6, 0, 0, 134.7, 0, 0, 0, 0
469, 65, 59, 1, 27, 197, 4, 26, 0, 2, 45.4, 0, 0, 2973.55, 0, 0, 1, 0
470, 16, 34, 1, 13, 56, 3, 10, 1, 3, 9.35, 0, 0, 157, 0, 0, 0, 1
471, 37, 51, 1, 26, 24, 4, 4, 0, 2, 8.2, 0, 0, 288.4, 0, 0, 1, 0
472, 5, 30, 0, 4, 25, 3, 6, 0, 1, 2.4, 14.75, 0, 25.45, 72.45, 0, 0, 1
473, 3, 55, 1, 9, 26, 5, 0, 1, 2, 6.4, 0, 0, 22.4, 0, 0, 1, 1
474, 5, 32, 0, 6, 33, 4, 3, 0, 2, 3.2, 0, 0, 24.55, 0, 0, 1, 1
475, 60, 44, 1, 4, 150, 2, 24, 0, 2, 20, 63.5, 36.8, 1207.3, 3907.8, 2163.75, 1, 0
476, 19, 37, 1, 4, 99, 2, 15, 1, 3, 8, 0, 0, 142.05, 0, 0, 1, 1
477, 54, 40, 0, 19, 50, 4, 12, 1, 2, 22.8, 0, 33.05, 1266.1, 0, 1746.9, 1, 0
478, 25, 41, 0, 3, 81, 3, 20, 1, 4, 7.4, 0, 0, 193.65, 0, 0, 0, 0
479, 1, 36, 0, 6, 21, 1, 1, 0, 2, 1.35, 0, 0, 1.35, 0, 0, 1, 1
480, 54, 68, 0, 7, 273, 3, 27, 1, 1, 18.35, 0, 0, 1003.2, 0, 0, 1, 0
481, 14, 31, 1, 9, 39, 3, 4, 1, 7, 4.4, 0, 0, 60.65, 0, 0, 0, 0
482, 14, 28, 1, 7, 17, 2, 3, 0, 4, 5.8, 0, 0, 86.75, 0, 0, 1, 1
483, 10, 45, 1, 8, 115, 3, 17, 1, 4, 5.7, 0, 0, 52.95, 0, 0, 1, 1
484, 7, 23, 0, 3, 27, 2, 1, 1, 3, 3.65, 9.5, 0, 21, 76.05, 0, 0, 0
485, 33, 45, 0, 24, 35, 1, 6, 0, 1, 5.65, 24, 0, 205.75, 860.95, 0, 0, 1
486, 3, 23, 0, 2, 20, 2, 4, 0, 1, 4.65, 0, 0, 11.2, 0, 0, 1, 0
487, 56, 58, 1, 3, 92, 1, 25, 0, 3, 8.25, 0, 0, 476.7, 0, 0, 0, 0
488, 54, 56, 0, 8, 207, 2, 35, 1, 1, 9, 25.25, 0, 464.65, 1352.25, 0, 0, 0
489, 72, 55, 1, 28, 40, 1, 11, 0, 5, 34.25, 0, 0, 2472.65, 0, 0, 0, 0
490, 18, 29, 0, 4, 40, 2, 1, 0, 1, 9.5, 0, 0, 196.2, 0, 0, 0, 0
491, 25, 29, 0, 9, 55, 4, 1, 0, 1, 5.25, 24.75, 0, 147.95, 612.45, 0, 1, 1
492, 42, 62, 0, 26, 26, 1, 35, 1, 1, 8.75, 0, 0, 337.75, 0, 0, 1, 0
493, 4, 37, 0, 2, 41, 2, 8, 0, 1, 2.8, 13.5, 0, 5.3, 45.75, 0, 0, 0
494, 12, 50, 1, 16, 203, 4, 25, 0, 2, 4.95, 22, 28.3, 71.5, 284.7, 315.7, 1, 1
495, 53, 64, 1, 17, 380, 2, 36, 1, 2, 12.85, 40.25, 0, 687.9, 2104.3, 0, 0, 0
496, 13, 38, 1, 8, 104, 4, 6, 0, 7, 10.25, 21.5, 58.85, 160.4, 274, 723.35, 1, 1
497, 18, 31, 1, 12, 24, 3, 4, 0, 4, 12.15, 0, 0, 202.2, 0, 0, 1, 0
498, 67, 42, 1, 20, 81, 3, 20, 1, 5, 24.4, 41.25, 36.7, 1701, 2799.45, 2481.65, 0, 0
499, 6, 24, 0, 2, 17, 1, 1, 0, 1, 3.25, 21, 0, 29.25, 132.2, 0, 0, 0
500, 25, 46, 0, 13, 45, 1, 12, 1, 1, 5.4, 16, 0, 155, 408.05, 0, 0, 0
501, 15, 39, 0, 19, 32, 2, 2, 0, 1, 3.45, 0, 0, 44.45, 0, 0, 1, 1
502, 32, 35, 0, 12, 57, 4, 5, 0, 1, 8.6, 11, 0, 259.3, 335.15, 0, 0, 0
503, 22, 39, 0, 0, 63, 4, 9, 0, 1, 6.2, 0, 0, 121.7, 0, 0, 1, 1
504, 8, 22, 0, 3, 25, 4, 0, 0, 1, 8, 32.25, 19.45, 61.55, 264, 153.7, 0, 0
505, 3, 31, 1, 4, 22, 1, 1, 0, 2, 3.4, 0, 0, 7.6, 0, 0, 1, 1
506, 32, 54, 0, 6, 155, 2, 20, 0, 1, 16.35, 0, 0, 528.5, 0, 0, 0, 0
507, 49, 54, 0, 24, 30, 2, 5, 0, 1, 15.5, 0, 0, 754.8, 0, 0, 0, 0
508, 2, 28, 0, 7, 46, 3, 0, 1, 1, 3.45, 0, 15.1, 6.55, 0, 10.45, 1, 0
509, 39, 47, 0, 1, 68, 4, 10, 1, 2, 8.3, 0, 0, 308.55, 0, 0, 1, 1
510, 42, 33, 0, 2, 67, 2, 5, 0, 2, 6.7, 0, 0, 270.2, 0, 0, 0, 0
511, 28, 36, 0, 3, 69, 3, 2, 0, 1, 6.05, 25.25, 36.6, 153.05, 697.05, 1020.95, 1, 0
512, 41, 46, 1, 14, 47, 2, 11, 0, 5, 6.3, 41.25, 50.95, 279.7, 1665, 1956.7, 0, 0
513, 67, 50, 1, 31, 83, 2, 12, 0, 2, 29.45, 0, 0, 1921.55, 0, 0, 1, 0
514, 38, 40, 0, 15, 34, 2, 11, 1, 1, 4.25, 0, 0, 157.6, 0, 0, 0, 0
515, 18, 38, 0, 8, 45, 2, 2, 1, 4, 2.7, 31.5, 23.4, 45.6, 609.2, 422.5, 1, 1
516, 6, 42, 1, 17, 29, 2, 2, 1, 2, 4.3, 25.75, 31.9, 13.4, 159.15, 162, 0, 0
517, 4, 36, 0, 0, 21, 2, 1, 1, 3, 3.3, 0, 0, 22.1, 0, 0, 0, 0
518, 13, 23, 1, 3, 30, 3, 0, 1, 4, 5.15, 24.25, 0, 53.5, 294.55, 0, 0, 0
519, 20, 35, 0, 0, 78, 4, 7, 0, 1, 5.5, 0, 35.25, 97.15, 0, 701.05, 1, 1
520, 34, 49, 1, 27, 61, 3, 15, 1, 2, 12.65, 34.25, 0, 414.9, 1119.35, 0, 0, 0
521, 46, 29, 1, 4, 90, 5, 3, 0, 4, 16.85, 40.5, 39.8, 736.45, 1817.75, 1783.15, 0, 0
522, 48, 41, 0, 21, 43, 2, 7, 0, 1, 19.5, 0, 0, 887.7, 0, 0, 0, 0
523, 69, 61, 1, 12, 301, 2, 37, 0, 2, 26.05, 36.75, 38.45, 1738.15, 2589.3, 2590.2, 0, 0
524, 32, 34, 1, 7, 32, 2, 15, 0, 4, 9.25, 0, 0, 285.75, 0, 0, 0, 0
525, 29, 29, 0, 9, 41, 2, 9, 0, 2, 4.75, 23, 0, 112, 626.6, 0, 1, 0
526, 55, 52, 0, 22, 127, 1, 28, 1, 3, 7.05, 0, 0, 400.55, 0, 0, 1, 0
527, 72, 60, 1, 36, 271, 1, 43, 1, 2, 21.7, 0, 0, 1580.4, 0, 0, 0, 0
528, 29, 26, 0, 1, 32, 3, 2, 1, 1, 3.4, 0, 0, 111.5, 0, 0, 0, 1
529, 50, 25, 1, 1, 36, 4, 2, 1, 5, 13.05, 0, 40.85, 682.2, 0, 1964.2, 1, 0
530, 35, 50, 1, 11, 293, 3, 21, 0, 2, 12.25, 0, 0, 416.4, 0, 0, 1, 1
531, 11, 63, 0, 9, 41, 3, 3, 0, 1, 4.15, 0, 0, 46.35, 0, 0, 1, 1
532, 9, 29, 0, 9, 39, 3, 5, 1, 1, 4.2, 0, 0, 22, 0, 0, 1, 0
533, 51, 48, 0, 27, 58, 1, 18, 0, 1, 19.2, 25.75, 0, 964.85, 1320.05, 0, 0, 1
534, 33, 34, 1, 2, 28, 1, 3, 1, 3, 13.4, 0, 0, 438.9, 0, 0, 0, 0
535, 25, 20, 0, 0, 15, 2, 0, 0, 2, 10.7, 23, 0, 296.75, 572.25, 0, 0, 0
536, 31, 34, 0, 9, 105, 4, 7, 1, 4, 6.45, 0, 0, 182.35, 0, 0, 0, 0
537, 67, 40, 1, 10, 80, 4, 8, 1, 2, 33.05, 21.75, 48.05, 2225.15, 1391.6, 3185.35, 1, 0
538, 55, 45, 0, 8, 36, 2, 9, 0, 3, 25.65, 41.75, 0, 1423, 2294.75, 0, 0, 0
539, 19, 50, 0, 7, 112, 4, 3, 1, 1, 7.15, 0, 46.55, 160.2, 0, 893.75, 1, 0
540, 39, 34, 1, 11, 55, 4, 10, 1, 4, 18.45, 33.75, 47.85, 742.5, 1307.8, 1867.5, 0, 0
541, 52, 35, 1, 8, 40, 4, 1, 0, 2, 10.75, 33.5, 44.6, 546.65, 1772.35, 2407.15, 0, 0
542, 55, 37, 1, 15, 23, 2, 0, 1, 5, 12.95, 32.5, 0, 716.25, 1783.55, 0, 0, 0
543, 25, 62, 0, 27, 28, 4, 33, 1, 1, 8.3, 14.75, 47, 160.4, 359.25, 1117.55, 1, 1
544, 33, 58, 0, 12, 21, 2, 23, 1, 1, 8.8, 0, 0, 264.05, 0, 0, 0, 0
545, 48, 35, 0, 5, 63, 4, 12, 0, 2, 13.4, 0, 0, 560.55, 0, 0, 0, 1
546, 48, 31, 1, 12, 52, 4, 3, 0, 3, 8.15, 26.5, 55.55, 364.8, 1323.5, 2725.3, 1, 0
547, 49, 57, 0, 3, 189, 1, 31, 1, 3, 11, 0, 0, 476.15, 0, 0, 0, 0
548, 54, 32, 1, 0, 50, 1, 15, 0, 3, 18.15, 46.25, 0, 958.7, 2530.9, 0, 0, 1
549, 45, 32, 1, 9, 23, 1, 15, 0, 4, 9.85, 0, 0, 469.1, 0, 0, 0, 0
550, 4, 37, 1, 1, 33, 2, 15, 1, 5, 2.45, 0, 0, 19.25, 0, 0, 1, 1
551, 49, 27, 1, 3, 29, 3, 6, 1, 3, 10.4, 0, 0, 476.45, 0, 0, 1, 1
552, 23, 35, 0, 2, 96, 3, 4, 0, 1, 6.4, 0, 46.2, 160.3, 0, 979.25, 1, 1
553, 31, 44, 0, 23, 80, 5, 15, 0, 1, 14.05, 9.25, 0, 465.2, 306.05, 0, 1, 1
554, 55, 44, 1, 2, 68, 2, 15, 0, 5, 6.6, 43.5, 0, 350.85, 2423.3, 0, 0, 0
555, 9, 28, 0, 7, 30, 1, 4, 1, 6, 4.2, 0, 0, 47.45, 0, 0, 0, 0
556, 55, 57, 1, 25, 34, 2, 12, 0, 3, 14.6, 0, 0, 785.4, 0, 0, 0, 0
557, 34, 30, 0, 3, 35, 2, 2, 1, 3, 9.05, 21.5, 0, 333, 695.95, 0, 1, 0
558, 10, 23, 0, 4, 36, 2, 1, 0, 3, 8.55, 14.75, 0, 86.05, 142.05, 0, 0, 0
559, 62, 76, 0, 20, 35, 3, 18, 1, 1, 17.25, 0, 0, 1045.7, 0, 0, 1, 0
560, 51, 36, 0, 13, 62, 3, 9, 0, 2, 5.65, 36.25, 40.4, 305.75, 1872.75, 2005.45, 0, 0
561, 65, 48, 0, 28, 94, 1, 25, 0, 1, 10.4, 0, 0, 664.65, 0, 0, 0, 0
562, 53, 33, 0, 1, 60, 1, 6, 0, 2, 17.65, 28.5, 28.55, 950.7, 1502.2, 1524.6, 0, 0
563, 23, 35, 0, 4, 118, 2, 11, 0, 1, 7.9, 0, 0, 196.95, 0, 0, 1, 1
564, 1, 30, 0, 3, 135, 4, 3, 0, 3, 1.1, 5.75, 0, 1.1, 5.75, 0, 1, 1
565, 66, 55, 0, 20, 80, 2, 24, 1, 1, 14, 30.75, 0, 938.35, 2128.2, 0, 0, 0
566, 8, 27, 1, 0, 21, 3, 3, 1, 2, 3.65, 0, 0, 38.05, 0, 0, 1, 0
567, 18, 28, 1, 3, 22, 1, 2, 1, 5, 3.15, 173, 0, 55.55, 0, 0, 0, 0
568, 36, 32, 1, 3, 63, 4, 7, 0, 4, 6.2, 0, 0, 229.5, 0, 0, 0, 0
569, 13, 40, 0, 16, 142, 2, 18, 1, 1, 8.45, 0, 0, 109.85, 0, 0, 0, 1
570, 4, 44, 0, 15, 32, 3, 0, 1, 1, 2.1, 13.75, 0, 6.9, 44.95, 0, 0, 1
571, 20, 32, 0, 10, 19, 3, 5, 0, 1, 6.85, 0, 0, 106.5, 0, 0, 1, 0
572, 66, 39, 1, 12, 60, 4, 10, 0, 3, 20.15, 39.25, 36.4, 1443.75, 2490.65, 2322.2, 1, 0
573, 67, 47, 1, 7, 97, 1, 23, 0, 4, 22.4, 0, 0, 1464.9, 0, 0, 0, 0
574, 11, 24, 1, 0, 31, 2, 3, 1, 4, 5.4, 16, 33.55, 83.15, 189.45, 331.65, 1, 1
575, 6, 26, 0, 7, 30, 3, 1, 1, 2, 6.35, 0, 0, 30.8, 0, 0, 0, 1
576, 13, 23, 1, 4, 31, 1, 5, 1, 4, 4.6, 0, 27.7, 54.85, 0, 339.75, 1, 0
577, 2, 29, 1, 3, 44, 2, 9, 1, 6, 2.1, 16.25, 33.6, 5.1, 31.3, 24.2, 1, 1
578, 4, 40, 0, 12, 38, 2, 5, 0, 1, 8.15, 0, 0, 32.25, 0, 0, 0, 0
579, 34, 63, 1, 10, 23, 2, 0, 1, 2, 14.3, 19.5, 28.95, 459.05, 616.5, 984.1, 1, 0
580, 13, 34, 1, 6, 37, 3, 6, 0, 4, 6.85, 0, 0, 102.5, 0, 0, 0, 0
581, 37, 40, 1, 14, 26, 2, 0, 0, 5, 18.9, 0, 0, 653.15, 0, 0, 1, 0
582, 45, 30, 1, 8, 38, 2, 5, 0, 6, 12.75, 0, 0, 622.15, 0, 0, 0, 0
583, 71, 70, 0, 30, 153, 3, 34, 1, 1, 30.55, 46.25, 46.7, 2291.1, 3114.95, 3292.65, 0, 0
584, 35, 40, 0, 5, 49, 1, 20, 1, 1, 3.4, 0, 0, 107.85, 0, 0, 0, 0
585, 44, 41, 0, 21, 51, 3, 7, 0, 1, 4.95, 0, 0, 203.65, 0, 0, 1, 0
586, 44, 45, 1, 19, 88, 1, 21, 0, 2, 11.9, 25.25, 0, 524.25, 1108.4, 0, 0, 0
587, 26, 41, 1, 20, 19, 1, 0, 1, 6, 5.45, 0, 0, 165.4, 0, 0, 0, 0
588, 42, 46, 1, 9, 31, 1, 12, 1, 3, 5.9, 0, 0, 277.65, 0, 0, 0, 0
589, 41, 47, 1, 6, 90, 2, 19, 0, 3, 6.7, 0, 0, 251.35, 0, 0, 0, 1
590, 31, 24, 1, 3, 14, 1, 0, 0, 4, 7.2, 0, 0, 231.75, 0, 0, 0, 0
591, 62, 63, 0, 43, 341, 2, 30, 0, 1, 14.6, 0, 0, 912.4, 0, 0, 0, 1
592, 12, 23, 1, 2, 24, 4, 0, 1, 8, 3.2, 41, 35.4, 35.5, 502, 373, 0, 0
593, 45, 49, 1, 27, 81, 2, 7, 1, 4, 13.85, 50.5, 0, 583.1, 2284.25, 0, 0, 0
594, 47, 34, 1, 4, 63, 2, 13, 1, 4, 18.95, 0, 0, 880.75, 0, 0, 0, 0
595, 23, 22, 1, 1, 27, 1, 4, 0, 5, 7.9, 23, 0, 210.85, 515.8, 0, 0, 0
596, 39, 34, 0, 4, 20, 5, 3, 1, 1, 9.55, 21.25, 79.2, 375.4, 872.5, 2973, 1, 0
597, 19, 26, 0, 2, 48, 3, 0, 0, 2, 7.55, 0, 0, 156.15, 0, 0, 0, 0
598, 13, 54, 0, 12, 121, 4, 23, 0, 1, 7.3, 0, 0, 102.4, 0, 0, 0, 0
599, 5, 33, 0, 6, 39, 3, 4, 0, 3, 2.1, 19.5, 0, 5.2, 81.15, 0, 1, 1
600, 11, 19, 0, 0, 21, 2, 0, 0, 1, 3.6, 0, 0, 35.4, 0, 0, 1, 1
601, 4, 32, 0, 2, 53, 4, 5, 0, 1, 7, 11, 0, 29.2, 56.45, 0, 1, 1
602, 17, 42, 0, 8, 58, 1, 23, 0, 1, 5.05, 0, 0, 85.05, 0, 0, 0, 1
603, 7, 27, 0, 3, 39, 3, 2, 0, 1, 3.55, 0, 0, 19.7, 0, 0, 0, 1
604, 19, 65, 0, 3, 108, 1, 33, 0, 3, 5.95, 21.5, 0, 117.55, 423.6, 0, 0, 0
605, 32, 34, 1, 0, 38, 1, 10, 0, 4, 7.35, 0, 0, 217.45, 0, 0, 1, 0
606, 53, 51, 0, 31, 245, 4, 0, 0, 1, 18.45, 28.25, 0, 961.75, 1535.25, 0, 0, 0
607, 51, 38, 0, 19, 51, 1, 18, 1, 1, 11.7, 26, 0, 577.1, 1267.2, 0, 0, 0
608, 35, 34, 0, 7, 78, 4, 10, 1, 1, 13.9, 0, 0, 556.2, 0, 0, 0, 0
609, 3, 31, 1, 4, 23, 4, 4, 0, 5, 2.8, 16.5, 21.7, 8.2, 74.45, 47.9, 1, 1
610, 22, 48, 0, 7, 88, 4, 12, 0, 1, 4.5, 0, 0, 92.65, 0, 0, 0, 1
611, 17, 21, 1, 0, 25, 2, 1, 1, 3, 6.1, 0, 0, 89.6, 0, 0, 1, 0
612, 68, 39, 0, 20, 73, 2, 16, 1, 1, 44.95, 15.75, 0, 3002.2, 1089.05, 0, 0, 0
613, 27, 41, 1, 7, 62, 4, 15, 1, 2, 13.7, 16.25, 0, 371.35, 450, 0, 0, 0
614, 68, 52, 1, 8, 456, 3, 30, 1, 4, 22.25, 27.5, 29.75, 1549.95, 1782.1, 2096.55, 0, 0
615, 56, 42, 1, 10, 24, 2, 5, 0, 2, 33.65, 0, 0, 1871.2, 0, 0, 0, 0
616, 11, 32, 0, 8, 23, 2, 0, 1, 1, 6.2, 0, 0, 82.6, 0, 0, 1, 0
617, 5, 47, 0, 7, 46, 1, 6, 1, 1, 2.95, 0, 0, 21.55, 0, 0, 0, 1
618, 16, 50, 0, 5, 263, 2, 29, 1, 3, 3.75, 17, 21.9, 59.75, 253.35, 309.05, 1, 0
619, 59, 30, 0, 2, 34, 4, 2, 1, 1, 16.7, 0, 0, 1020.35, 0, 0, 0, 0
620, 60, 64, 0, 14, 33, 2, 13, 0, 1, 30.75, 22.25, 47.4, 1829.4, 1391, 2962.1, 1, 0
621, 55, 47, 0, 11, 37, 1, 11, 0, 1, 14.75, 20.25, 0, 786.2, 1170.75, 0, 0, 0
622, 18, 56, 0, 22, 296, 2, 25, 0, 1, 3.4, 0, 0, 49.7, 0, 0, 0, 0
623, 16, 22, 0, 0, 26, 3, 0, 1, 3, 4.1, 0, 0, 64.95, 0, 0, 1, 1
624, 35, 57, 1, 32, 47, 4, 12, 0, 2, 7.25, 0, 0, 263.55, 0, 0, 0, 0
625, 31, 23, 1, 1, 31, 3, 1, 1, 2, 16.6, 19, 51.35, 520.4, 537.4, 1533.9, 1, 1
626, 20, 49, 1, 5, 264, 2, 29, 1, 2, 9.6, 0, 0, 159.2, 0, 0, 0, 0
627, 16, 27, 0, 5, 41, 4, 2, 1, 1, 6.9, 15.75, 30.95, 100.9, 278.5, 450.45, 1, 1
628, 69, 48, 1, 27, 55, 2, 4, 0, 2, 19.6, 35.75, 0, 1411.7, 2396.7, 0, 0, 0
629, 69, 66, 1, 31, 49, 2, 15, 0, 2, 23.1, 29.25, 0, 1566.8, 2063.45, 0, 0, 0
630, 27, 24, 1, 3, 26, 1, 7, 1, 4, 6.05, 0, 0, 137.7, 0, 0, 0, 1
631, 48, 39, 0, 20, 110, 4, 9, 0, 1, 18.05, 30.25, 30.4, 812.65, 1472.7, 1503.95, 0, 0
632, 18, 52, 1, 20, 66, 1, 19, 1, 2, 12.8, 27.75, 0, 204.95, 520.6, 0, 0, 0
633, 24, 40, 1, 4, 39, 3, 5, 1, 2, 4.05, 25.75, 22.5, 117.05, 628.05, 529.1, 0, 0
634, 17, 42, 0, 6, 31, 2, 2, 0, 1, 8.25, 24.5, 26.4, 140.85, 404.8, 447.95, 1, 1
635, 9, 24, 1, 3, 26, 4, 1, 1, 3, 7.65, 0, 0, 75.25, 0, 0, 0, 0
636, 15, 46, 0, 5, 232, 4, 15, 1, 2, 4.3, 23, 31.3, 41.35, 357.5, 474.5, 1, 1
637, 62, 37, 1, 10, 43, 4, 1, 1, 3, 9.2, 0, 0, 539.65, 0, 0, 0, 0
638, 9, 41, 0, 12, 39, 4, 3, 0, 1, 4.7, 0, 20.8, 26.3, 0, 135.95, 1, 1
639, 71, 41, 1, 10, 73, 2, 23, 1, 2, 32.65, 0, 0, 2412.6, 0, 0, 0, 0
640, 62, 59, 1, 37, 74, 1, 20, 0, 2, 16.1, 36, 0, 972, 2245.35, 0, 0, 0
641, 20, 38, 0, 19, 237, 4, 13, 0, 1, 6, 21.25, 26.9, 164.2, 473.4, 491.1, 0, 0
642, 19, 33, 1, 11, 22, 1, 3, 0, 5, 3.95, 0, 0, 79.6, 0, 0, 0, 0
643, 49, 61, 1, 28, 21, 1, 8, 0, 2, 15.85, 24.75, 0, 757.4, 1228.85, 0, 0, 0
644, 3, 64, 0, 3, 9, 2, 6, 0, 1, 4.95, 0, 0, 14.8, 0, 0, 0, 1
645, 33, 36, 0, 2, 41, 5, 10, 0, 1, 4.15, 0, 27.05, 93.25, 0, 841.95, 1, 1
646, 38, 44, 0, 1, 50, 4, 7, 1, 1, 7.15, 0, 0, 277.5, 0, 0, 1, 1
647, 42, 48, 1, 14, 27, 3, 5, 1, 3, 16.5, 36, 28.4, 692.2, 1540.15, 1199.95, 1, 0
648, 11, 26, 0, 2, 53, 3, 3, 0, 1, 4.15, 21.5, 38.8, 34.7, 188.35, 415.8, 1, 1
649, 27, 28, 1, 0, 58, 3, 0, 0, 2, 5.8, 22.5, 0, 163.65, 566.15, 0, 0, 0
650, 23, 50, 0, 1, 151, 4, 8, 1, 1, 8.25, 21.75, 0, 186.5, 438.4, 0, 0, 0
651, 4, 38, 1, 13, 54, 2, 4, 0, 2, 4.75, 26.25, 24.45, 21.75, 115, 50.45, 0, 0
652, 36, 42, 0, 5, 31, 1, 4, 1, 1, 10.05, 0, 0, 373.75, 0, 0, 0, 1
653, 37, 42, 0, 10, 115, 1, 22, 1, 1, 15.1, 0, 0, 494.45, 0, 0, 0, 0
654, 24, 58, 1, 30, 24, 1, 5, 0, 2, 7.65, 16, 0, 177.4, 420.65, 0, 0, 0
655, 4, 24, 0, 1, 17, 2, 2, 0, 3, 3.2, 0, 0, 9.9, 0, 0, 0, 1
656, 54, 33, 0, 5, 47, 2, 13, 1, 2, 13.9, 32, 0, 732.2, 1671.9, 0, 0, 0
657, 7, 49, 0, 8, 36, 1, 0, 1, 1, 8.85, 19.5, 0, 77, 123.3, 0, 0, 1
658, 10, 28, 0, 9, 75, 4, 1, 0, 1, 6.2, 27.5, 36.3, 45.95, 225.85, 290.65, 1, 1
659, 24, 35, 1, 10, 41, 5, 6, 1, 2, 3.3, 0, 0, 88.65, 0, 0, 1, 0
660, 12, 31, 0, 8, 18, 4, 4, 0, 1, 3.7, 0, 0, 48.55, 0, 0, 1, 1
661, 45, 54, 0, 25, 171, 3, 33, 1, 1, 9.05, 18.5, 0, 385.2, 845.65, 0, 0, 0
662, 59, 55, 1, 29, 42, 3, 21, 1, 2, 8.95, 0, 0, 492.35, 0, 0, 0, 0
663, 3, 21, 1, 1, 36, 3, 0, 1, 4, 3.2, 0, 0, 13.55, 0, 0, 0, 0
664, 8, 35, 0, 6, 31, 5, 7, 0, 1, 4.4, 17.25, 42.05, 34.65, 155.15, 288.25, 1, 1
665, 16, 59, 0, 5, 207, 2, 37, 1, 2, 7.45, 15.5, 0, 112.8, 280.85, 0, 1, 0
666, 32, 33, 0, 1, 38, 1, 12, 1, 1, 7.3, 0, 0, 231.45, 0, 0, 0, 0
667, 8, 49, 0, 14, 134, 4, 9, 1, 1, 3, 30.5, 60.3, 36.2, 226.3, 444.65, 1, 1
668, 9, 28, 1, 8, 28, 3, 4, 0, 3, 4.5, 0, 0, 36.45, 0, 0, 1, 1
669, 12, 19, 1, 0, 15, 2, 0, 1, 4, 5.85, 0, 0, 102.45, 0, 0, 0, 0
670, 24, 43, 1, 15, 48, 4, 4, 0, 6, 14.4, 25.75, 36.95, 339.55, 591.2, 901.6, 1, 0
671, 72, 75, 0, 48, 14, 2, 6, 1, 1, 37.3, 0, 0, 2686.25, 0, 0, 0, 0
672, 58, 61, 0, 42, 101, 4, 18, 1, 1, 16.35, 0, 0, 956.85, 0, 0, 0, 0
673, 70, 44, 1, 24, 87, 2, 18, 0, 3, 18.9, 47.5, 0, 1399.3, 3310.4, 0, 0, 0
674, 9, 25, 0, 3, 27, 1, 4, 1, 1, 12.2, 0, 0, 121.75, 0, 0, 0, 1
675, 49, 25, 0, 1, 27, 5, 0, 1, 1, 9.9, 0, 26.9, 496.95, 0, 1252.85, 1, 0
676, 52, 54, 0, 7, 59, 3, 22, 0, 1, 15.25, 32.5, 39.3, 800.25, 1644.05, 1991.75, 0, 0
677, 10, 42, 1, 10, 294, 4, 9, 1, 6, 4.85, 27.5, 36.85, 32.75, 285.35, 330.55, 1, 1
678, 14, 52, 1, 2, 44, 3, 5, 0, 2, 4.85, 0, 14.9, 68.95, 0, 212.25, 0, 0
679, 19, 27, 1, 3, 35, 2, 4, 0, 6, 5.4, 20.5, 0, 116.2, 398.15, 0, 0, 0
680, 12, 36, 1, 4, 205, 4, 10, 1, 4, 5.95, 0, 32, 53.75, 0, 397.3, 1, 1
681, 65, 59, 0, 27, 732, 3, 31, 1, 1, 10.15, 0, 0, 600.5, 0, 0, 1, 0
682, 67, 40, 1, 14, 59, 3, 11, 0, 2, 27, 30, 0, 1722.5, 1959.95, 0, 0, 0
683, 29, 24, 1, 3, 23, 1, 7, 0, 2, 10.2, 32.25, 0, 319.65, 885.15, 0, 0, 0
684, 55, 46, 0, 8, 87, 2, 19, 1, 1, 17.9, 0, 0, 982.9, 0, 0, 1, 0
685, 71, 67, 1, 25, 110, 1, 23, 1, 2, 33.85, 21.75, 0, 2255.65, 1487.7, 0, 0, 0
686, 5, 44, 1, 2, 83, 3, 14, 1, 3, 4, 26.25, 21.95, 32, 131.95, 80.35, 0, 1
687, 60, 58, 0, 0, 63, 4, 21, 1, 3, 16.35, 28, 0, 1012.55, 1581.7, 0, 1, 0
688, 10, 40, 0, 6, 22, 3, 6, 1, 1, 5.05, 0, 0, 59.95, 0, 0, 0, 1
689, 52, 64, 0, 44, 43, 3, 7, 0, 1, 12.85, 28.5, 37.15, 647.95, 1542.25, 1846.5, 0, 0
690, 61, 43, 1, 22, 35, 2, 11, 0, 3, 21.05, 15.5, 0, 1264, 933.8, 0, 1, 0
691, 61, 29, 1, 5, 48, 2, 11, 0, 4, 17.55, 0, 0, 1035.95, 0, 0, 0, 0
692, 67, 47, 1, 19, 69, 3, 12, 0, 3, 49.35, 27, 0, 3235.55, 1838.2, 0, 0, 0
693, 41, 42, 1, 12, 26, 4, 5, 0, 4, 10.95, 0, 0, 482.4, 0, 0, 0, 0
694, 30, 28, 0, 1, 20, 1, 8, 1, 1, 12.4, 0, 0, 369.45, 0, 0, 0, 1
695, 24, 46, 0, 12, 43, 2, 6, 0, 1, 12.05, 48.25, 28.15, 307.75, 1079.05, 662.2, 1, 0
696, 72, 75, 0, 37, 33, 1, 44, 1, 1, 49.3, 31.75, 0, 3417.4, 2254.15, 0, 0, 0
697, 17, 35, 0, 7, 66, 2, 11, 0, 1, 5.15, 0, 28.05, 79.05, 0, 484.2, 1, 1
698, 65, 72, 0, 46, 12, 2, 0, 0, 1, 29.6, 0, 0, 1872.8, 0, 0, 0, 0
699, 15, 30, 1, 8, 90, 2, 11, 0, 5, 7.35, 18.5, 23, 125.8, 265.55, 375.9, 1, 0
700, 34, 33, 0, 8, 35, 3, 2, 1, 1, 7.5, 0, 0, 258.4, 0, 0, 0, 1
701, 26, 43, 0, 23, 51, 5, 4, 1, 1, 7.9, 0, 0, 267.6, 0, 0, 0, 1
702, 36, 45, 0, 22, 117, 3, 15, 1, 1, 10.5, 0, 0, 429.1, 0, 0, 1, 0
703, 60, 48, 0, 29, 100, 2, 26, 1, 1, 24.4, 42.25, 0, 1567.6, 2481.25, 0, 0, 0
704, 16, 54, 0, 20, 147, 1, 29, 0, 4, 6.95, 23.25, 0, 98.5, 357.95, 0, 0, 0
705, 1, 33, 0, 5, 53, 4, 6, 1, 1, 1.95, 0, 0, 1.95, 0, 0, 0, 1
706, 56, 30, 1, 9, 57, 5, 2, 0, 4, 16.85, 0, 0, 948.3, 0, 0, 1, 0
707, 6, 50, 0, 5, 37, 2, 0, 0, 1, 5.35, 0, 0, 38.4, 0, 0, 1, 0
708, 48, 34, 0, 7, 42, 3, 2, 1, 1, 14.15, 0, 0, 678.3, 0, 0, 0, 0
709, 34, 36, 1, 17, 50, 1, 4, 0, 2, 10.2, 24.5, 0, 326.8, 824.25, 0, 0, 0
710, 54, 42, 1, 0, 55, 4, 2, 0, 5, 14.3, 55.5, 83.7, 695.2, 3086.35, 4138.55, 1, 1
711, 38, 31, 1, 2, 42, 2, 7, 1, 4, 10.8, 22.25, 0, 407.55, 772.5, 0, 0, 0
712, 25, 55, 0, 15, 37, 1, 7, 1, 1, 10.95, 0, 0, 302.8, 0, 0, 0, 1
713, 47, 69, 1, 17, 228, 3, 39, 1, 4, 10.8, 35.5, 50.9, 464.35, 1670.95, 2404.8, 1, 1
714, 72, 62, 1, 35, 163, 5, 31, 0, 2, 28.35, 32.75, 56.55, 2017.6, 2276.3, 4109.9, 0, 0
715, 6, 35, 1, 6, 28, 4, 3, 1, 3, 3.25, 23, 30.3, 9.35, 103.3, 154.55, 0, 0
716, 30, 51, 1, 9, 118, 5, 21, 1, 2, 6.4, 0, 0, 201.4, 0, 0, 0, 0
717, 65, 70, 1, 9, 115, 2, 39, 1, 2, 26.85, 26, 33.75, 1749.6, 1629.65, 2213.65, 1, 0
718, 22, 44, 1, 19, 37, 4, 1, 0, 2, 14.3, 35.25, 0, 332.9, 702.05, 0, 0, 0
719, 60, 53, 0, 32, 93, 1, 28, 0, 1, 13.35, 39.5, 0, 806.35, 2493.9, 0, 0, 0
720, 19, 32, 0, 12, 71, 4, 5, 1, 1, 5.25, 21.5, 47.8, 97.4, 419.25, 928.45, 1, 1
721, 18, 25, 0, 4, 26, 2, 7, 1, 3, 3.3, 27.5, 0, 50.35, 531.1, 0, 0, 0
722, 9, 37, 1, 10, 14, 4, 5, 1, 6, 2.4, 0, 0, 22.6, 0, 0, 0, 1
723, 1, 34, 1, 6, 18, 1, 0, 1, 2, 1.6, 0, 0, 1.6, 0, 0, 0, 1
724, 10, 28, 1, 2, 36, 4, 0, 1, 3, 6.3, 19.75, 22.65, 67.5, 175.15, 205.15, 1, 0
725, 45, 34, 1, 14, 43, 4, 0, 0, 4, 6.55, 0, 0, 315.2, 0, 0, 1, 1
726, 25, 28, 1, 6, 41, 4, 4, 1, 4, 5.8, 14.25, 26.6, 138.85, 363.75, 616.55, 1, 1
727, 66, 39, 0, 1, 66, 2, 15, 1, 1, 11.6, 0, 0, 785.7, 0, 0, 0, 0
728, 27, 67, 0, 1, 33, 4, 19, 1, 1, 3.6, 17.75, 0, 136.9, 481.7, 0, 0, 1
729, 19, 41, 0, 5, 53, 4, 6, 0, 1, 6.45, 0, 0, 157.3, 0, 0, 0, 0
730, 17, 41, 1, 9, 28, 4, 3, 0, 6, 1.8, 0, 0, 27.1, 0, 0, 0, 0
731, 16, 36, 0, 13, 58, 4, 4, 0, 1, 4.85, 18, 0, 89.95, 286.4, 0, 1, 0
732, 8, 42, 1, 2, 129, 4, 17, 1, 3, 6.1, 0, 0, 63.8, 0, 0, 1, 0
733, 3, 25, 0, 0, 65, 4, 0, 1, 1, 3.3, 0, 0, 5.9, 0, 0, 1, 1
734, 59, 57, 0, 26, 311, 3, 36, 1, 1, 28.75, 0, 0, 1719.2, 0, 0, 0, 0
735, 45, 37, 0, 2, 57, 3, 14, 1, 1, 10.8, 0, 0, 508.8, 0, 0, 1, 0
736, 66, 62, 0, 31, 47, 2, 4, 1, 1, 34.25, 21, 0, 2298.25, 1425.35, 0, 0, 0
737, 28, 50, 1, 7, 25, 1, 3, 0, 2, 14.85, 0, 0, 378.85, 0, 0, 0, 0
738, 15, 38, 1, 11, 46, 5, 11, 0, 3, 3.85, 0, 0, 56.3, 0, 0, 0, 1
739, 39, 34, 1, 10, 51, 3, 13, 1, 4, 7.9, 78.75, 38.8, 304.45, 3104.5, 1407.85, 0, 0
740, 38, 33, 0, 4, 19, 2, 5, 1, 2, 8.5, 14.25, 0, 323.85, 590.45, 0, 0, 0
741, 34, 29, 0, 5, 26, 3, 4, 1, 2, 6.75, 0, 0, 195.2, 0, 0, 1, 0
742, 60, 57, 1, 18, 72, 5, 30, 0, 2, 20.35, 29, 55.9, 1263.9, 1806.85, 3353.5, 1, 0
743, 72, 65, 1, 33, 71, 1, 41, 1, 4, 53.65, 22.5, 0, 4036.9, 1717.45, 0, 0, 0
744, 42, 42, 1, 9, 41, 2, 13, 0, 8, 15, 29.25, 0, 597.2, 1250.1, 0, 0, 0
745, 32, 37, 0, 9, 44, 2, 7, 0, 1, 11.25, 0, 0, 359.35, 0, 0, 1, 0
746, 48, 50, 1, 4, 208, 4, 19, 1, 2, 12.9, 22.75, 41.25, 652.9, 1108.9, 1905.85, 1, 1
747, 63, 37, 1, 1, 45, 4, 9, 1, 6, 14.95, 0, 0, 974.15, 0, 0, 1, 0
748, 45, 27, 1, 3, 39, 3, 2, 0, 4, 13.45, 0, 0, 583.9, 0, 0, 0, 0
749, 68, 42, 0, 16, 89, 4, 12, 0, 1, 25.6, 0, 0, 1759.6, 0, 0, 1, 0
750, 6, 29, 1, 4, 19, 2, 5, 1, 2, 4.2, 0, 0, 25.25, 0, 0, 0, 0
751, 68, 57, 1, 33, 15, 2, 0, 1, 2, 16.1, 49, 50.6, 1120.35, 3330.85, 3229.2, 1, 1
752, 72, 68, 1, 26, 59, 2, 36, 1, 2, 58.65, 24, 48.85, 4219.1, 1818, 3401.6, 0, 0
753, 53, 38, 1, 15, 20, 3, 6, 1, 4, 12.05, 0, 20.25, 547.05, 0, 1048.4, 1, 0
754, 20, 51, 1, 11, 27, 4, 6, 0, 3, 9.05, 24.75, 0, 182.95, 490.25, 0, 1, 0
755, 70, 35, 1, 4, 48, 2, 9, 0, 3, 43.6, 0, 0, 3040.8, 0, 0, 0, 0
756, 32, 47, 0, 25, 135, 2, 6, 1, 1, 10.5, 0, 0, 353, 0, 0, 0, 0
757, 61, 52, 1, 23, 19, 1, 0, 0, 2, 18.2, 24.75, 0, 1037.65, 1568.4, 0, 0, 1
758, 24, 25, 1, 3, 28, 4, 0, 0, 3, 10.6, 0, 23.4, 267.3, 0, 533.85, 1, 0
759, 56, 61, 1, 14, 12, 1, 16, 1, 2, 16.85, 0, 0, 881.65, 0, 0, 0, 0
760, 54, 59, 0, 28, 28, 2, 15, 0, 1, 10.7, 0, 19.05, 638.55, 0, 894.1, 0, 0
761, 43, 38, 1, 7, 18, 3, 8, 1, 3, 9.4, 0, 29.4, 411.15, 0, 1159.3, 0, 0
762, 19, 35, 0, 7, 58, 3, 5, 1, 1, 3.65, 37, 43.05, 65.15, 690.85, 741.65, 0, 1
763, 5, 43, 0, 16, 72, 3, 17, 1, 1, 5.55, 15.75, 0, 23.9, 62.25, 0, 0, 0
764, 24, 61, 1, 6, 112, 4, 3, 1, 4, 8.2, 0, 0, 210.25, 0, 0, 1, 1
765, 62, 35, 1, 2, 28, 2, 8, 1, 2, 18.45, 0, 0, 1152.7, 0, 0, 0, 0
766, 14, 40, 0, 13, 398, 5, 11, 1, 1, 6.4, 18, 47.7, 71, 259, 644.35, 1, 1
767, 60, 48, 1, 22, 106, 3, 21, 1, 3, 13.05, 44.25, 69.55, 760.95, 2601.85, 4154.55, 0, 0
768, 30, 74, 1, 12, 10, 1, 3, 1, 2, 7.25, 30.25, 0, 225.3, 906, 0, 0, 0
769, 40, 42, 1, 16, 108, 3, 17, 0, 4, 4.95, 0, 0, 205.65, 0, 0, 1, 1
770, 42, 50, 1, 17, 85, 2, 15, 1, 4, 14.3, 0, 0, 567.95, 0, 0, 0, 0
771, 20, 34, 0, 14, 51, 3, 9, 1, 1, 5.65, 0, 0, 126.4, 0, 0, 0, 1
772, 4, 22, 1, 1, 22, 2, 2, 1, 3, 2.25, 0, 0, 8, 0, 0, 0, 0
773, 44, 49, 1, 2, 66, 2, 8, 1, 4, 4.25, 43.25, 39.55, 184.9, 1980.05, 1655.9, 0, 0
774, 49, 63, 0, 18, 10, 2, 2, 0, 1, 13.9, 33.25, 0, 668.95, 1624.6, 0, 0, 0
775, 5, 36, 1, 2, 34, 1, 4, 1, 2, 3.5, 19.5, 0, 14.2, 105.9, 0, 0, 1
776, 70, 50, 1, 29, 67, 1, 22, 0, 4, 51.9, 0, 0, 3438.4, 0, 0, 0, 0
777, 30, 57, 1, 16, 19, 1, 1, 0, 4, 7.25, 0, 0, 200.1, 0, 0, 0, 1
778, 28, 48, 0, 20, 128, 4, 4, 1, 1, 10, 20.75, 55.3, 313.05, 590.9, 1424.2, 1, 1
779, 5, 28, 1, 3, 39, 5, 1, 0, 6, 4.7, 24.25, 32.5, 30.75, 131.9, 106.2, 0, 0
780, 27, 35, 0, 12, 56, 1, 3, 1, 1, 8.25, 32.5, 33.85, 202.55, 897.95, 805.95, 1, 0
781, 17, 39, 0, 12, 45, 4, 10, 1, 1, 8.65, 0, 0, 133.1, 0, 0, 1, 1
782, 4, 37, 1, 8, 25, 1, 1, 1, 5, 2.5, 0, 0, 9.15, 0, 0, 0, 0
783, 30, 23, 1, 0, 24, 2, 1, 1, 4, 13.35, 22.5, 0, 397.4, 636.35, 0, 0, 0
784, 71, 40, 1, 19, 53, 4, 14, 1, 2, 10.15, 40, 38.35, 781.7, 2912.3, 2590.65, 0, 0
785, 67, 77, 0, 55, 49, 1, 45, 1, 1, 25.35, 0, 0, 1692, 0, 0, 0, 0
786, 24, 48, 1, 3, 38, 1, 16, 1, 2, 5.55, 0, 0, 133.4, 0, 0, 0, 0
787, 24, 54, 1, 7, 84, 3, 10, 1, 2, 11.45, 0, 0, 288.05, 0, 0, 1, 1
788, 59, 54, 0, 32, 126, 1, 22, 1, 1, 13.6, 28.75, 0, 796.4, 1625.1, 0, 0, 0
789, 59, 32, 0, 9, 73, 4, 5, 0, 1, 29.2, 21.5, 0, 1726.6, 1231.9, 0, 1, 1
790, 44, 37, 1, 1, 41, 4, 8, 1, 6, 9.15, 0, 0, 387.95, 0, 0, 1, 0
791, 19, 31, 1, 0, 22, 4, 2, 0, 3, 4.85, 0, 0, 88.9, 0, 0, 0, 1
792, 58, 46, 1, 23, 23, 1, 2, 1, 2, 11.1, 0, 0, 620.75, 0, 0, 0, 0
793, 41, 53, 1, 22, 94, 2, 25, 0, 2, 12.65, 0, 0, 488.15, 0, 0, 0, 0
794, 16, 33, 0, 1, 30, 3, 7, 0, 4, 9.25, 21, 41, 138.5, 282.3, 595.3, 0, 1
795, 13, 36, 0, 11, 31, 2, 0, 0, 1, 2.3, 0, 0, 30.5, 0, 0, 0, 1
796, 60, 53, 0, 22, 171, 1, 37, 1, 1, 9.9, 31.75, 0, 608.65, 1972.1, 0, 0, 0
797, 72, 49, 1, 23, 102, 1, 27, 1, 6, 41.15, 0, 0, 3098.55, 0, 0, 0, 0
798, 33, 39, 0, 17, 27, 4, 3, 1, 1, 9.7, 21.75, 61.6, 294.8, 680.3, 2019.75, 1, 0
799, 72, 45, 1, 25, 98, 4, 20, 1, 2, 30.25, 0, 42.85, 2182.65, 0, 2940.35, 0, 0
800, 66, 54, 1, 8, 591, 4, 25, 1, 2, 25, 34.25, 53, 1636.25, 2242.55, 3538.5, 0, 0
801, 53, 37, 1, 7, 25, 1, 2, 1, 6, 5.4, 52, 0, 291.5, 2794.95, 0, 0, 0
802, 22, 28, 1, 0, 36, 4, 0, 0, 4, 9.7, 21.5, 42.9, 220.75, 480.1, 883.2, 1, 0
803, 14, 26, 1, 1, 25, 2, 0, 1, 3, 4.4, 0, 0, 71.2, 0, 0, 0, 0
804, 52, 49, 0, 18, 69, 2, 13, 1, 2, 18.35, 0, 34.5, 893.25, 0, 1711.7, 0, 0
805, 33, 30, 1, 5, 22, 1, 0, 0, 2, 5.55, 33.75, 30, 211.05, 1129.25, 946.8, 0, 0
806, 72, 66, 0, 26, 67, 2, 37, 1, 1, 39.1, 65, 0, 2743.65, 4748.45, 0, 0, 0
807, 40, 40, 1, 3, 73, 4, 12, 1, 4, 10, 0, 27.15, 376.6, 0, 1035.5, 0, 1
808, 29, 26, 0, 1, 22, 4, 2, 1, 1, 6.1, 0, 35.55, 175.3, 0, 965.9, 1, 1
809, 63, 67, 0, 22, 9, 2, 12, 0, 1, 18.05, 0, 0, 1140.2, 0, 0, 0, 0
810, 56, 54, 0, 25, 147, 3, 31, 1, 1, 12.7, 24.5, 34.2, 763.1, 1348.15, 1848.85, 1, 0
811, 60, 50, 1, 26, 239, 2, 19, 1, 2, 21.5, 77.75, 64.2, 1377, 4628.5, 3756.15, 0, 0
812, 28, 22, 1, 3, 23, 3, 1, 0, 5, 10.95, 0, 0, 263.95, 0, 0, 1, 0
813, 39, 39, 0, 19, 29, 4, 6, 0, 1, 5.95, 0, 0, 227.85, 0, 0, 0, 0
814, 65, 39, 1, 18, 32, 2, 15, 0, 4, 21.1, 0, 0, 1432.8, 0, 0, 0, 0
815, 29, 31, 0, 7, 30, 3, 7, 1, 1, 7.6, 33.75, 0, 240.85, 937.85, 0, 0, 0
816, 28, 36, 0, 8, 57, 2, 13, 1, 2, 9.6, 21.75, 0, 272.85, 607.95, 0, 0, 0
817, 2, 18, 0, 0, 20, 2, 0, 0, 1, 3.75, 22.25, 27.1, 4.45, 44.65, 25.65, 0, 1
818, 67, 52, 0, 13, 248, 2, 20, 1, 3, 35.85, 39.75, 0, 2368.9, 2522.75, 0, 0, 0
819, 5, 35, 1, 9, 59, 3, 8, 1, 5, 3.1, 18.5, 26.4, 21.45, 114.8, 109.6, 1, 0
820, 48, 35, 0, 10, 24, 2, 6, 0, 1, 16.95, 43, 0, 874.45, 2007.4, 0, 0, 0
821, 10, 26, 1, 4, 25, 1, 4, 1, 3, 3.7, 0, 0, 38.2, 0, 0, 0, 0
822, 17, 28, 0, 3, 37, 3, 2, 1, 1, 5.5, 0, 0, 84.25, 0, 0, 0, 1
823, 21, 24, 1, 0, 30, 4, 0, 1, 5, 17.8, 23.75, 31.75, 374.05, 513.65, 642.2, 1, 0
824, 25, 51, 0, 9, 66, 4, 13, 0, 2, 6.45, 16.25, 34.55, 140.85, 415.55, 828.25, 1, 0
825, 44, 31, 0, 8, 16, 1, 3, 0, 1, 14.4, 0, 0, 632.95, 0, 0, 0, 1
826, 59, 49, 0, 28, 429, 4, 23, 1, 2, 10.2, 24.25, 43.35, 592.2, 1524.8, 2450.9, 1, 1
827, 11, 26, 0, 7, 20, 2, 4, 0, 1, 6.95, 0, 0, 84.05, 0, 0, 0, 0
828, 50, 68, 1, 32, 262, 3, 28, 0, 2, 12.4, 20.5, 25.15, 601.1, 993.65, 1217.35, 1, 0
829, 23, 25, 1, 2, 28, 3, 1, 1, 5, 4.15, 0, 0, 94.25, 0, 0, 0, 0
830, 17, 19, 0, 0, 18, 2, 0, 1, 2, 7.1, 0, 0, 120.35, 0, 0, 1, 1
831, 15, 62, 1, 3, 144, 3, 21, 0, 2, 5.25, 15.5, 33.95, 81.05, 237.9, 446.1, 0, 0
832, 68, 57, 1, 38, 33, 1, 9, 1, 2, 13.5, 0, 0, 901, 0, 0, 0, 0
833, 69, 42, 1, 23, 19, 3, 0, 1, 2, 25.95, 0, 0, 1812.15, 0, 0, 1, 0
834, 30, 24, 1, 3, 30, 1, 7, 1, 5, 6.75, 0, 0, 171.75, 0, 0, 0, 1
835, 22, 30, 0, 8, 41, 2, 8, 0, 1, 6.1, 22.75, 21.35, 119.95, 441.25, 467.05, 0, 0
836, 10, 20, 1, 1, 20, 2, 0, 1, 4, 5.9, 0, 0, 48.95, 0, 0, 0, 1
837, 72, 59, 1, 12, 65, 3, 21, 1, 6, 34.65, 0, 0, 2519.3, 0, 0, 0, 0
838, 34, 24, 1, 5, 17, 4, 0, 1, 2, 15.25, 0, 0, 522.45, 0, 0, 0, 0
839, 43, 49, 1, 18, 66, 1, 22, 0, 4, 8.6, 0, 0, 376.7, 0, 0, 0, 0
840, 31, 37, 1, 15, 18, 4, 5, 0, 3, 5.2, 19.5, 39.8, 151.7, 611.1, 1170.3, 1, 0
841, 6, 27, 1, 5, 26, 4, 2, 0, 5, 5.6, 12, 0, 30.35, 72.5, 0, 0, 1
842, 48, 42, 0, 21, 46, 4, 4, 0, 1, 14.45, 0, 0, 618.1, 0, 0, 0, 0
843, 50, 25, 0, 6, 19, 1, 5, 0, 3, 7.25, 0, 0, 356.15, 0, 0, 0, 0
844, 20, 41, 1, 19, 58, 2, 6, 1, 2, 5.25, 0, 0, 98.2, 0, 0, 0, 0
845, 61, 73, 0, 10, 25, 1, 21, 0, 1, 16.65, 0, 0, 965.6, 0, 0, 0, 0
846, 6, 21, 0, 0, 15, 2, 1, 1, 1, 3.65, 0, 0, 19.4, 0, 0, 0, 0
847, 1, 22, 0, 2, 35, 2, 2, 0, 1, 1.65, 0, 0, 1.65, 0, 0, 1, 1
848, 21, 43, 0, 13, 41, 2, 1, 1, 1, 6.15, 23.75, 37.25, 118.15, 497.15, 763.5, 1, 1
849, 7, 32, 0, 1, 71, 4, 3, 0, 2, 3.6, 15.25, 28.05, 19.1, 122.1, 157.15, 1, 0
850, 65, 56, 1, 19, 608, 3, 34, 1, 2, 14.55, 69.5, 68.3, 964.85, 4584.8, 4325.6, 0, 0
851, 64, 37, 0, 10, 44, 4, 9, 1, 1, 16.15, 0, 0, 965.3, 0, 0, 1, 0
852, 4, 30, 0, 0, 41, 2, 0, 0, 2, 2, 0, 0, 9.9, 0, 0, 0, 1
853, 67, 45, 1, 22, 83, 3, 11, 1, 2, 27, 0, 0, 1724.8, 0, 0, 1, 0
854, 22, 35, 0, 12, 28, 2, 3, 0, 2, 6.6, 0, 0, 180.55, 0, 0, 0, 1
855, 51, 37, 1, 17, 101, 2, 10, 1, 2, 14.95, 0, 0, 736.85, 0, 0, 0, 0
856, 50, 28, 0, 6, 28, 1, 10, 1, 1, 6.4, 17.25, 22, 330.95, 851.7, 997, 0, 0
857, 31, 47, 1, 18, 35, 2, 0, 0, 2, 11.95, 0, 0, 390.6, 0, 0, 0, 0
858, 4, 28, 0, 0, 39, 2, 3, 1, 1, 7.1, 15, 0, 23.8, 70.45, 0, 0, 1
859, 60, 56, 0, 19, 51, 4, 11, 0, 1, 15.25, 0, 67, 873.7, 0, 4046.25, 1, 0
860, 7, 31, 1, 12, 31, 2, 7, 1, 6, 5.05, 0, 0, 38.05, 0, 0, 1, 1
861, 20, 40, 0, 2, 209, 4, 15, 1, 1, 7.2, 0, 0, 172.1, 0, 0, 1, 0
862, 19, 23, 1, 4, 37, 3, 1, 1, 4, 8.4, 17.5, 0, 136.05, 302.5, 0, 0, 1
863, 58, 37, 1, 5, 64, 4, 8, 1, 2, 10.8, 58.75, 109.7, 634.75, 3525.55, 6444.95, 1, 1
864, 65, 64, 0, 20, 88, 3, 26, 1, 1, 15.1, 36.25, 48.8, 1017.9, 2202.45, 3242.75, 1, 1
865, 72, 61, 1, 34, 61, 1, 8, 0, 3, 27.35, 0, 0, 1980.15, 0, 0, 0, 0
866, 8, 42, 0, 3, 66, 3, 10, 0, 1, 1.95, 0, 21.5, 16.85, 0, 157.55, 1, 0
867, 33, 40, 1, 14, 19, 3, 5, 0, 2, 5.05, 0, 0, 178.9, 0, 0, 0, 0
868, 18, 34, 1, 4, 42, 2, 14, 1, 5, 6.45, 19, 0, 104.05, 318.75, 0, 0, 0
869, 24, 31, 1, 6, 41, 2, 13, 0, 5, 8.5, 20, 0, 196.8, 480.7, 0, 0, 0
870, 70, 36, 0, 8, 50, 1, 15, 1, 1, 20.55, 0, 0, 1407.15, 0, 0, 0, 0
871, 7, 38, 0, 4, 70, 4, 4, 0, 1, 3.85, 19.25, 17.7, 26.65, 127.5, 129.55, 1, 1
872, 70, 59, 0, 27, 85, 1, 19, 1, 1, 38.9, 62.5, 0, 2711, 4387.3, 0, 0, 0
873, 20, 48, 1, 21, 45, 3, 2, 1, 2, 10.7, 33, 29.4, 192.15, 645.65, 528.3, 0, 1
874, 54, 32, 1, 12, 27, 1, 9, 0, 2, 33.95, 0, 0, 1801.3, 0, 0, 0, 0
875, 36, 48, 0, 28, 29, 1, 2, 0, 1, 6, 0, 0, 222.8, 0, 0, 0, 0
876, 71, 53, 1, 29, 48, 4, 0, 1, 2, 34.95, 28.75, 0, 2506.05, 2074.75, 0, 0, 0
877, 17, 41, 0, 4, 32, 2, 3, 0, 1, 12.6, 9.5, 0, 208, 168, 0, 0, 0
878, 18, 45, 1, 17, 43, 1, 9, 0, 3, 4.45, 17, 0, 78.65, 287.3, 0, 0, 0
879, 16, 27, 0, 8, 16, 5, 0, 1, 1, 5.45, 17.75, 33.9, 102.75, 282.2, 524.2, 1, 1
880, 38, 30, 1, 6, 22, 2, 3, 1, 2, 5.6, 0, 0, 215.05, 0, 0, 1, 0
881, 52, 45, 1, 19, 40, 3, 9, 1, 3, 8.45, 0, 34.1, 512.65, 0, 1740.7, 1, 0
882, 46, 48, 1, 12, 256, 3, 25, 0, 6, 13.8, 31.75, 66, 612.55, 1449, 3064.75, 0, 0
883, 31, 46, 0, 23, 144, 4, 13, 0, 1, 7.6, 15.25, 0, 271.55, 501.15, 0, 1, 0
884, 23, 31, 0, 10, 45, 4, 0, 0, 2, 5, 11.75, 0, 119.5, 275.05, 0, 1, 0
885, 38, 56, 1, 34, 34, 2, 0, 1, 3, 7.8, 0, 24.65, 272.75, 0, 888.45, 0, 0
886, 50, 54, 0, 15, 248, 3, 28, 1, 1, 11.05, 17.25, 29.15, 497.9, 833.85, 1453.85, 0, 0
887, 16, 49, 0, 17, 41, 2, 5, 0, 1, 4.1, 14, 31.8, 62.45, 260.05, 521.35, 0, 0
888, 14, 34, 1, 4, 27, 4, 1, 1, 2, 6.05, 23.5, 37.85, 90.2, 313.8, 474, 1, 0
889, 30, 52, 0, 23, 17, 3, 3, 1, 1, 10.3, 0, 0, 367.4, 0, 0, 0, 1
890, 22, 47, 1, 0, 44, 4, 11, 1, 3, 9, 21.25, 57, 194.55, 466.9, 1264.05, 1, 1
891, 38, 55, 1, 12, 135, 2, 24, 0, 4, 12.15, 31.75, 0, 467.75, 1167.65, 0, 1, 0
892, 59, 26, 1, 3, 41, 4, 1, 1, 3, 12.65, 0, 29.15, 804, 0, 1707.1, 0, 1
893, 54, 55, 0, 1, 587, 3, 33, 0, 1, 13, 0, 0, 650.85, 0, 0, 0, 0
894, 9, 40, 0, 13, 38, 4, 7, 1, 1, 3.35, 21, 59.55, 37.7, 179.8, 482.1, 1, 1
895, 67, 67, 1, 38, 49, 2, 10, 1, 2, 14.3, 0, 0, 924.55, 0, 0, 1, 0
896, 24, 44, 0, 19, 33, 3, 0, 1, 2, 4.65, 0, 0, 100.95, 0, 0, 1, 0
897, 12, 55, 1, 13, 36, 1, 5, 1, 2, 5.95, 0, 0, 73.35, 0, 0, 0, 1
898, 26, 47, 0, 13, 54, 3, 0, 0, 1, 7.1, 16, 23.5, 205.4, 484.9, 547.75, 1, 0
899, 3, 32, 0, 4, 58, 2, 11, 0, 4, 2.75, 15.75, 28.55, 5.7, 49.65, 67.7, 1, 1
900, 20, 46, 0, 2, 23, 5, 4, 1, 2, 4.75, 0, 0, 82.3, 0, 0, 1, 0
901, 5, 52, 1, 0, 97, 5, 9, 0, 2, 3.1, 16.5, 40.3, 12.9, 83, 162.75, 0, 1
902, 58, 53, 0, 19, 207, 3, 12, 1, 1, 7.3, 29.5, 62.8, 447.15, 1653.9, 3613.3, 1, 1
903, 54, 28, 1, 2, 21, 3, 3, 0, 4, 10.4, 0, 0, 567.55, 0, 0, 0, 0
904, 52, 39, 0, 6, 119, 3, 18, 1, 1, 10.5, 25, 0, 556.5, 1280.9, 0, 1, 0
905, 38, 30, 1, 10, 25, 1, 5, 1, 4, 3.95, 0, 0, 179.75, 0, 0, 0, 0
906, 19, 46, 0, 5, 59, 3, 17, 0, 1, 5.6, 9, 0, 97.25, 191.25, 0, 0, 0
907, 22, 33, 1, 2, 24, 1, 3, 0, 4, 7.1, 0, 0, 153.4, 0, 0, 1, 0
908, 49, 35, 1, 15, 113, 4, 4, 0, 5, 16.1, 0, 0, 818.45, 0, 0, 1, 0
909, 5, 39, 0, 0, 22, 1, 0, 1, 2, 4.7, 19, 0, 32.95, 106.85, 0, 0, 0
910, 18, 69, 0, 28, 11, 1, 17, 0, 1, 3.85, 0, 0, 62.75, 0, 0, 0, 0
911, 43, 29, 0, 4, 33, 1, 13, 1, 4, 22.05, 18.75, 24.95, 1042.95, 830.75, 1124.25, 0, 0
912, 17, 50, 0, 2, 205, 5, 19, 0, 1, 6.95, 21.25, 36.65, 121.45, 371.2, 620.3, 1, 1
913, 37, 33, 0, 4, 41, 3, 8, 1, 3, 9.2, 0, 0, 347.1, 0, 0, 1, 1
914, 8, 39, 0, 0, 39, 1, 7, 1, 1, 3.15, 10.75, 0, 29.05, 83.55, 0, 0, 0
915, 51, 46, 1, 8, 107, 2, 21, 1, 6, 17.3, 25.75, 37.4, 840, 1396.75, 1832.25, 0, 0
916, 71, 55, 1, 11, 198, 1, 31, 1, 3, 17.8, 44.25, 0, 1218, 3058.5, 0, 0, 0
917, 56, 53, 1, 23, 100, 5, 14, 1, 2, 14.15, 0, 0, 752.9, 0, 0, 1, 0
918, 70, 68, 0, 21, 1131, 2, 45, 0, 1, 14.85, 57.5, 39.5, 1104.4, 3926.65, 2798.25, 0, 0
919, 62, 53, 0, 14, 360, 3, 26, 1, 2, 31.9, 53.25, 0, 1892.85, 3232.05, 0, 0, 0
920, 50, 52, 1, 22, 162, 2, 27, 1, 2, 12.85, 24.25, 42.85, 599.05, 1238.2, 2032.3, 1, 0
921, 1, 31, 0, 3, 29, 5, 2, 1, 3, 1.45, 0, 0, 1.45, 0, 0, 1, 1
922, 15, 26, 0, 1, 38, 4, 1, 0, 2, 7.4, 0, 0, 91.7, 0, 0, 1, 1
923, 72, 55, 1, 24, 82, 3, 25, 1, 2, 62.3, 0, 0, 4333, 0, 0, 1, 0
924, 69, 47, 1, 10, 159, 2, 24, 0, 4, 25.2, 0, 0, 1714.7, 0, 0, 0, 1
925, 32, 44, 0, 10, 201, 2, 24, 0, 1, 7.65, 28, 0, 237.85, 895.05, 0, 0, 0
926, 19, 25, 1, 6, 27, 4, 0, 1, 2, 9.55, 20.5, 0, 172.55, 398.95, 0, 0, 1
927, 42, 54, 0, 19, 57, 3, 10, 1, 1, 8.7, 0, 47.5, 356.45, 0, 1932.35, 1, 0
928, 51, 49, 0, 29, 45, 1, 16, 0, 1, 15.7, 0, 0, 815.05, 0, 0, 0, 0
929, 32, 22, 1, 2, 17, 2, 2, 1, 4, 4.8, 28, 0, 157.25, 952.9, 0, 0, 1
930, 26, 55, 1, 13, 61, 1, 26, 0, 2, 4.25, 29, 0, 102.45, 729.15, 0, 0, 0
931, 39, 44, 1, 14, 418, 4, 18, 0, 2, 7.05, 27.5, 0, 269, 1046.2, 0, 0, 0
932, 72, 53, 0, 12, 152, 2, 32, 1, 1, 43.25, 50.5, 44.9, 3115, 3669, 3120.35, 0, 0
933, 4, 39, 0, 11, 38, 4, 1, 0, 2, 2.8, 22.75, 30.2, 9.35, 103.45, 76.9, 0, 1
934, 54, 50, 1, 5, 151, 4, 20, 0, 3, 21.95, 40.25, 21.8, 1248.25, 2030.2, 1121.05, 0, 0
935, 34, 40, 1, 21, 23, 4, 9, 1, 3, 5.95, 25.75, 37.7, 207.7, 805.85, 1257.7, 1, 0
936, 20, 25, 1, 4, 33, 4, 0, 1, 3, 4.55, 16, 27.05, 115.65, 288.75, 511.25, 1, 0
937, 14, 49, 0, 4, 26, 1, 8, 0, 1, 6.5, 0, 0, 86.7, 0, 0, 0, 0
938, 61, 59, 0, 26, 89, 1, 40, 1, 1, 17.35, 35, 0, 988.8, 2166.8, 0, 0, 0
939, 4, 24, 0, 2, 25, 4, 0, 0, 1, 3.75, 0, 0, 12.4, 0, 0, 0, 1
940, 16, 48, 0, 25, 59, 2, 13, 0, 2, 7.85, 20.25, 0, 104.9, 349.4, 0, 0, 1
941, 13, 41, 0, 9, 55, 2, 12, 1, 3, 4.85, 0, 0, 55.65, 0, 0, 1, 0
942, 53, 37, 1, 18, 25, 3, 6, 1, 2, 9.95, 0, 0, 558.15, 0, 0, 1, 1
943, 58, 36, 1, 13, 39, 2, 8, 1, 7, 16.4, 38.25, 57.05, 933.1, 2355.4, 3247.95, 1, 1
944, 25, 38, 1, 19, 56, 1, 19, 1, 2, 10.55, 0, 23.65, 290.25, 0, 578.45, 0, 0
945, 71, 61, 1, 19, 155, 3, 30, 0, 2, 23.9, 27.5, 0, 1684.05, 1935.15, 0, 0, 0
946, 22, 33, 1, 13, 119, 5, 0, 1, 4, 4.3, 23.25, 60.35, 88.5, 520.45, 1230.7, 1, 1
947, 46, 48, 1, 15, 64, 3, 20, 0, 2, 10.2, 26.5, 23.2, 393.55, 1316.7, 948.75, 1, 0
948, 66, 50, 1, 2, 333, 5, 24, 0, 2, 10.3, 0, 0, 659.55, 0, 0, 0, 0
949, 69, 58, 1, 29, 26, 2, 7, 1, 3, 32.65, 33, 50.65, 2321.8, 2378.2, 3475.45, 0, 0
950, 38, 49, 1, 3, 33, 4, 11, 0, 4, 6.85, 0, 25.15, 285.55, 0, 954, 1, 0
951, 16, 35, 0, 7, 46, 3, 3, 0, 1, 5.1, 0, 0, 74.1, 0, 0, 1, 0
952, 44, 39, 1, 8, 41, 2, 8, 0, 4, 7.55, 16.25, 0, 353.3, 638.25, 0, 1, 0
953, 50, 50, 0, 24, 31, 1, 8, 0, 1, 11.95, 0, 0, 540.5, 0, 0, 0, 0
954, 10, 23, 0, 1, 29, 4, 0, 1, 1, 4.95, 32, 50.45, 62.1, 323.8, 416, 1, 0
955, 7, 41, 0, 6, 94, 2, 16, 0, 1, 3.85, 28, 41.4, 27.95, 218.9, 237.25, 1, 0
956, 71, 48, 0, 25, 288, 3, 19, 0, 1, 30.9, 0, 0, 2123.6, 0, 0, 0, 0
957, 16, 39, 1, 5, 31, 1, 4, 1, 5, 5, 0, 0, 69.6, 0, 0, 0, 0
958, 6, 20, 0, 0, 25, 2, 0, 1, 2, 1.9, 20.75, 0, 19.3, 114.4, 0, 0, 0
959, 46, 55, 0, 24, 269, 2, 35, 0, 1, 10.1, 39, 0, 449.7, 1829.75, 0, 0, 0
960, 51, 49, 1, 13, 203, 3, 27, 0, 4, 17.6, 22, 0, 961.9, 1125.25, 0, 0, 0
961, 5, 34, 0, 12, 22, 2, 2, 0, 2, 3.6, 12.5, 19.3, 16.1, 46.7, 86.15, 1, 1
962, 49, 54, 1, 23, 25, 2, 1, 1, 4, 14.65, 0, 0, 719.5, 0, 0, 0, 0
963, 49, 51, 1, 14, 222, 5, 16, 0, 2, 12.25, 0, 0, 575.6, 0, 0, 1, 0
964, 26, 30, 1, 4, 76, 3, 7, 0, 2, 9.45, 0, 0, 214.7, 0, 0, 1, 0
965, 22, 39, 0, 4, 55, 2, 17, 1, 1, 5.4, 38.75, 50.2, 81.55, 908.35, 1147.4, 1, 1
966, 51, 45, 1, 4, 46, 3, 6, 0, 2, 20.7, 34.75, 48.65, 1082.4, 1711.75, 2353.35, 0, 0
967, 19, 27, 1, 7, 56, 4, 1, 0, 4, 4.75, 0, 37.7, 97.85, 0, 692.95, 1, 1
968, 9, 36, 0, 1, 79, 3, 11, 1, 5, 5.8, 27.75, 25.9, 44.55, 246, 186.8, 0, 1
969, 15, 25, 1, 0, 51, 3, 2, 1, 2, 3.15, 0, 0, 45.35, 0, 0, 0, 0
970, 57, 63, 0, 19, 61, 1, 27, 0, 1, 12.7, 38.25, 0, 767.75, 2239.7, 0, 0, 0
971, 48, 45, 0, 15, 41, 1, 10, 1, 2, 10.2, 0, 0, 445.7, 0, 0, 0, 0
972, 9, 53, 1, 20, 50, 2, 13, 1, 2, 3.1, 0, 0, 22, 0, 0, 1, 1
973, 61, 52, 0, 21, 82, 1, 18, 0, 1, 12.1, 0, 0, 751.75, 0, 0, 0, 0
974, 72, 53, 0, 34, 108, 1, 23, 0, 1, 32.55, 35.5, 40.75, 2361.35, 2535.4, 2886.05, 0, 0
975, 57, 60, 0, 20, 14, 2, 27, 1, 1, 16.1, 14, 0, 938.65, 822.35, 0, 0, 0
976, 57, 51, 0, 10, 46, 1, 13, 0, 1, 15.1, 0, 0, 901.05, 0, 0, 0, 0
977, 37, 60, 1, 0, 46, 1, 20, 0, 3, 8.8, 37.75, 0, 293.65, 1377.85, 0, 0, 0
978, 45, 51, 0, 13, 146, 4, 16, 0, 2, 20.25, 0, 0, 869.75, 0, 0, 1, 0
979, 45, 39, 1, 15, 36, 1, 11, 1, 5, 15.2, 0, 0, 736.75, 0, 0, 0, 0
980, 55, 44, 0, 24, 83, 1, 23, 1, 1, 17.35, 24.5, 0, 973.1, 1343.5, 0, 0, 0
981, 24, 27, 0, 2, 17, 3, 3, 0, 5, 5.2, 18.5, 0, 89, 462.25, 0, 0, 1
982, 1, 20, 0, 1, 18, 3, 0, 0, 1, 4.2, 0, 16.85, 4.2, 0, 16.85, 1, 1
983, 34, 23, 1, 3, 24, 1, 7, 1, 4, 6, 28, 0, 203.25, 959.4, 0, 0, 0
984, 14, 37, 1, 5, 48, 3, 1, 1, 4, 4.9, 14.5, 0, 78.2, 230.35, 0, 0, 0
985, 6, 32, 0, 10, 47, 1, 10, 0, 1, 3.85, 23.75, 0, 29.9, 128.45, 0, 0, 0
986, 24, 30, 0, 0, 25, 4, 5, 0, 2, 8.7, 47.75, 64, 186.6, 1152.9, 1542.9, 1, 1
987, 3, 26, 1, 6, 59, 4, 0, 1, 3, 2.55, 23.5, 19.2, 2.7, 80.5, 29.7, 0, 1
988, 4, 30, 0, 1, 45, 4, 6, 0, 3, 3.65, 0, 0, 8.85, 0, 0, 1, 1
989, 72, 40, 1, 19, 163, 4, 15, 0, 2, 39, 31.25, 0, 2914, 2176.85, 0, 1, 0
990, 44, 56, 0, 4, 63, 2, 6, 1, 1, 7.5, 20.25, 0, 342.2, 861.95, 0, 0, 1
991, 50, 43, 0, 6, 27, 3, 4, 0, 1, 15, 45.25, 0, 817.85, 2320.25, 0, 0, 0
992, 61, 50, 1, 16, 190, 2, 22, 1, 2, 16.85, 0, 44.1, 1063.15, 0, 2540.2, 1, 0
993, 34, 52, 1, 2, 106, 2, 19, 0, 2, 4.95, 19, 0, 153.5, 649.35, 0, 0, 0
994, 26, 54, 1, 30, 26, 3, 1, 1, 2, 5.2, 23.5, 39.25, 149.2, 670.1, 1004.35, 1, 1
995, 15, 46, 1, 17, 63, 5, 1, 0, 2, 3.7, 16.5, 33.1, 40.55, 207.35, 475.3, 1, 1
996, 10, 39, 0, 0, 27, 3, 0, 1, 3, 3, 0, 0, 32.25, 0, 0, 1, 0
997, 7, 34, 0, 2, 22, 5, 5, 1, 1, 4.65, 0, 0, 29.35, 0, 0, 0, 0
998, 67, 59, 0, 40, 944, 5, 33, 1, 1, 26.75, 32, 65.8, 1837.55, 2117.65, 4392.85, 1, 0
999, 70, 49, 0, 18, 87, 2, 22, 1, 1, 25.6, 33.5, 0, 1841.85, 2368.2, 0, 0, 0
1000, 50, 36, 1, 7, 39, 3, 3, 1, 3, 13.15, 0, 0, 665.4, 0, 0, 1, 1
